A085SE2.DAT	609108	fb2dcdb7013eac89cb53ce4d95fb6db3de93dc55ef0cb0cfbae39e7006a04f36
A108SE2.DAT	545416	b2e3c93c5fe6f836873dac84069aae0026da25b4cc7249ce2bbfbbb2e0eb4410
AFLDKWA.DAT	14163	dc01391e6ff9f0772406e8547079bc18c7c9f224e8a0285665dd7484731734fa
AREA000.DAT	1250696	8f64e41a95639cdbd7555d7ba57aa3801f40f248174892f1469909f5571de92a
AREA001.DAT	1232536	ef949bc40ba26ed4dddf1b9f0ae99d593e50ed265fd4236a8dbc2392c7ad2926
AREA002.DAT	1228383	ca3f51d26c68f509828293bfe4f4d2d26a1ccd3ec97a3b390e27e6a2b2e68fe4
AREA003.DAT	1093285	adb2c013449aa644f13e5ba9ba135bf2ad68bb761f83420a3fad8b14c72fac71
AREA004.DAT	1307140	80febea15e40996f14cacbd495ee15feea7ca9f90f8adb6b88621d1571771b3c
AREA005.DAT	804862	f3d31505068640ccdfd81bc6c3bd724151bd076f8a5322b25ecd534f0f0ede06
AREA006.DAT	1220242	95d9705e5eb32fba9d4bf7f9329082b07b96fa6fe5f659e3c1274401fbdeea22
AREA007.DAT	983397	d4e05ae2b973b10be417acdd7213d03de28820205af68232bd5b5dda94ae3d02
AREA008.DAT	1096038	0d6a5b8baacf2ce8359053a8b2765ddb95a28172e499fff4e5f793f88de0a657
AREA009.DAT	1098159	a9f7b57663c3986a7cbf25dae2e0f07aa157710a2aa5efb92c1d855f7228862d
AREA010.DAT	1202004	8764febee3a6f46adda2618c98e6ff3d665bb1c91d0e7e5e0dd928ef0279a382
AREA011.DAT	1098693	670e71ff2a5278b511a68a6d64d4cbbd90363d47e561f2cda1496c38ef582fa5
AREA012.DAT	963827	b54fe12129b1f195d934d699cfb3b8f112d46c54336b5c1ecab611e10e1fff0b
AREA013.DAT	937180	801f58f4ddae304f50c89e6e86e64b3fcabfe1eb61358077999af1c7a3ffc027
AREA014.DAT	928482	f4ca36d5eef4acac7d74044f4849e1c81dbe8a73927becb840248ea9b51f221a
AREA015.DAT	748823	631834af88c459d4d7f992fc504b26714991ec77edaed490f4636503f5aa4988
AREA016.DAT	1226861	a179f45ad396f3f8a5b03baf515604b225911063b4e870254813634c03fcb013
AREA017.DAT	732767	f89384d51aa34f6a0e3479bff472721ca2f01b92ed4d19295f22b84693ce7a37
AREA018.DAT	1223432	bdf816ec76c5cf775bb0a65737b2f5814b489d88caf2d42f0044c8efbee759b4
AREA019.DAT	697518	eb509b358d78da1b63bb2e242ea246e8dfcba1a1de633981c20ec82204d34ac8
AREA020.DAT	1213695	eca3471b290543cd29194d972edc837238e8ade3b298f77f2dcce344fd863bc7
AREA021.DAT	1212357	67223ccfa6086e37ae128076798b1bab61fbff63776f64e1c1a562c1e732bbe4
AREA022.DAT	1106613	c6942b6fd44c83fd7a97c76197cbaa63f8000933eeda90dd58220179e03b963e
AREA023.DAT	1306241	7ee6b14c950bd43ac12ea4dd6a27f62ee4d9685575bbac1d9bf8ad6c2eb882b4
AREA024.DAT	1309826	983cee061187fb7bf966a9d72d6d6746862b09975edd834d4b839bda23e9ea3d
AREA025.DAT	1230834	c68d2db0747d2018c188a8b52c069818b139424e363d62a909189680eeaab8b1
AREA026.DAT	1258837	7833be7cf0bc18143f2cc78c26fed8faf23a902c0df6e779e45632195c55f854
AREA027.DAT	1267897	f26aae25ed788393617569c95f9f72067706b5505ca2f41a580c82a7620c472b
AREA028.DAT	1291887	4491255e2dfb61c9f44d83f34804817672408efee118700c296fc681908116fc
AREA029.DAT	1225314	01985c627b6ba99616be64a25871d5691479af0aff5ea0412df7257b41b18c8c
AREA030.DAT	1466119	b83312b3c38b7b760de6a74b452b9a2ba77c05f81d3dc06ca85295744c0ba84a
AREA031.DAT	1192611	c67a36fca9edaa71a0e8a043b7800c8d771cf810b1e5646ac1cace8690387f06
AREA032.DAT	1297418	4c045008d4bf71dfd17c69f2ad1a16466d29e990f874078648a74986e5b497b9
AREA033.DAT	1227532	2c990cb177c269414bb1b3ed530ec90f3b28971c57d71caba2c3f247121948d4
AREA034.DAT	793919	60c92314517fde4829779de3961dc91c103e58ef272b99599a289f3b6130da89
AREA035.DAT	892805	c0eccfa4228a3fe7ae4e51e66deddf706dfc56a6af6f7f644ced19130727f9b7
AREA036.DAT	691514	400d7b2d207bb84821090049c899e352325198107c937c9ff3f11ea353889b7c
AREA037.DAT	1262407	67363d55354de9d1943dcdb8dc28fbe23448a0775ab552b588500d38404f07de
AREA038.DAT	1199567	658f323b1949647afb9b30ea0db39181adb8a8ff45efa760d9ea5932c49d58b3
AREA039.DAT	1209877	d7a648ace01e8dfbf27dc0dd9896279ce84efdbb4b49851bceeed3c7aa4326e9
AREA040.DAT	1105451	a2419779279f058aa35f191050b43ade55b69e6cb9259094890b76b8097037b3
AREA041.DAT	1123858	80c9e0844f4f4f1c6f4bdf057596bd6d465638974d30ce206b35a6293b630d83
AREA042.DAT	1093122	02fb599436099275b85cd0dfcb05f7c8e0cf950ae9de8237b14437edc0cb91e0
AREA043.DAT	1090554	cdcbf1bd28d6da4169b5275469cee9cfc651cc7820572e0ccb79dc2977c59ba8
AREA044.DAT	1285515	5d1dc4a6d0feee2e1513eb6a3377ca3bd1b11aa390ed5224adcd7d7894362f9b
AREA045.DAT	1228724	450a6a20a5d538462b5fa7fd466dc9e9830e27d3937146f667944b8452bbf11b
AREA046.DAT	1237162	9b724f2a4d604834ed4786521aad95b99216a15a30b57f410389c1aa71d0e966
AREA047.DAT	1108276	6165ce1ea817069848333ff0d108a8d79c9bd93df8918e11820359aa67a84491
AREA048.DAT	1287718	13feeabfa97648ff54ebd87c2a5aa9bd11076c0440db0cac2fb798f930acce38
AREA049.DAT	1102368	e5c34170321f1faafb521b74c474458ef23360028595addf94554a000e2d81c2
AREA050.DAT	712302	d0e9e148f97db069c1deddabe3c1004f000705a33fbefa0eca09168747c97946
AREA051.DAT	980914	08932d8f45ebbdfced67f6cf1b8f3b0b8aead20d449bc46c0c1c5927212bbcdc
AREA052.DAT	1100753	d432571a46fa6b34dc215ea8ce1e1237bbd656c8a46dd1bade3a32fb734909b8
AREA053.DAT	640797	091e5ed2923c1d8d4d75731beaf8fe9ba784e65c355d2d6f44c621aed7e04c15
AREA054.DAT	1237329	48a34ca8b6cfea6c74b135bd979b66b2b61b19877d674d002b29d0d21f3efa4f
AREA055.DAT	1191473	1fdf7e72472ab383b8dd10cd54a86015805a464e3b203ecedeac5e4be73a590c
AREA056.DAT	1130817	f2d59b5ca1dc5cf1e2aae87f6d1d3b94b5146ed84d27370e72ffcad964641cf4
AREA057.DAT	1261815	6b5e9a3d401fc443d6c6067dfc679bd683b8131ff2196f20aea42f6675593bb4
AREA058.DAT	1251560	52dd0b84d5f7c103e36067921e9617a48bc4c09a18a95463fe44017e43f9ef70
AREA059.DAT	695451	21494a5b715d937ead83d887ee244f5150849795d7cb754282c81b23828df338
AREA060.DAT	1228835	5e4dc15094a1464ac8dcedaba118dcd0312fc7f617511aea4c0f6f7dced55146
AREA061.DAT	1199457	595d890271a14b14a426d48a29919b29b7893f926773e5fb9e5b145fa57605ec
AREA062.DAT	1205224	81633548db609104af51031c70c6cac8945cde750780ea4ce7f323dea227db60
AREA063.DAT	1217614	b69afb8dc50e304b57e8359b1abb15ea70dbb5667f6628c1fba56a4b620578b3
AREA064.DAT	1231482	fb188c1e40cb9856ed712675b375eca64564ee5dbd760763622ce7a10dda0015
AREA065.DAT	1207620	19de9bc27c25daa894465f0642bf1502e20639e2e1a3601805cdfcb819da5c77
AREA066.DAT	828820	487d9b7e83e724b220390c02f0c042f725e8f867f1b6a1bbeb25146bcaae88e0
AREA067.DAT	1239811	9aa58421ce9ff507cb942791765e306f009e6ce27cb23dc9630fb84d7e47bdb9
AREA068.DAT	821939	0a6a3a8a9be59d00027cc58ac11e5df30191dc7faf772263d98d33986230d0d8
AREA069.DAT	776242	f2186787551260e877c2280dd657ff6a457a6993ead83431e8cda7e3107f38dc
AREA070.DAT	1253510	3401c923773092eabb8c7bf28243916cf6d7d7a6b37fc411e113d4b4002974f0
AREA071.DAT	1286790	71117553aaffaf9c4457dde37a12ac7e9fc3cdcd92d0964ae5abe2414ee25438
AREA072.DAT	1241378	fdcf10b4d1ab7742c0339a1f85ef6403c90df560faa3eada5dd72ba6c73f0426
AREA073.DAT	1246630	011fc431356f3d015112689e7448db6efd355206b51ab7f261a85f6c86631fa9
AREA074.DAT	1249213	7fe72ec26d19cf05be06ef73e194795eec187650d3ab72a270a9af0546f472f4
AREA075.DAT	1116636	75a8403a4997e32397f012b185c41437b5dea80d22c189bd3f59bcae035fdb53
AREA076.DAT	1243602	8b9649664c19549a7347540fc99320926376837544ebb8765e4298b56efcbbc3
AREA077.DAT	1208517	5648de99eb21d28262dd2ee4a2df1574bd9349524eef7ed5f5b22984227fb36b
AREA078.DAT	1214534	6d223d0c08fc45aabbea3b5c6f34e728428544883b2c599cd6b9531aaf2eb22a
AREA079.DAT	1220215	2409766293e39676b4fa78fa5872fd126eeb9a79d5cd3b0eae79e1d52e926627
AREA080.DAT	1220455	8affdfddd0f454a48b33edaf496ca0559eba95310edeaad2e1aab6817033c268
AREA081.DAT	1217355	d18fbbcaf699ea9fc758def718c21b119c5e32b6c73dd124facbaf1ba842afb5
AREA082.DAT	1303246	7d3c913e6b2c6352b7389d0a268f73c44735fbaaa8ef9240cc7ca2646b216673
AREA083.DAT	1282756	022bcf47ca2c9aca17ba12fb48e58733145ba03e1a37dab14360b3dababdfd54
AREA084.DAT	1275290	9efeb0abd7e82bdf085bdad2053f28579fc7f83afdd657b13d0ab5a48ec3f475
AREA085.DAT	1131887	2415c3a6df29d4f98c469472b1702de489ff7a36bddaa3467d57db5d039e8b74
AREA086.DAT	690347	8d8d01845e04ef9f032b9dd0927f3dfd6e6cd0ee6ccc3818b00554d16606cee7
AREA087.DAT	1222952	1559587b4e360c009b512c365ad2071a1dacae8b979839b9ee56436a2d498aca
AREA088.DAT	712558	dd4ca5700fde71fd60e1b6a06ee64421b57154fdd7f0841eb9e551292c89b216
AREA089.DAT	1466119	162cde27f4a393a247848734cd8b13b4be1731b08ab3dd0acf1c5265fe902bb4
AREA090.DAT	1223720	5287fab31e15d6949028f6693a2d9aff0d37afb0f58dfa725dd723c542c29132
AREA091.DAT	912450	73d6038d854d8ab6e572a24285a7cf0ca9fca49d7db32782b9ba2a20698b9244
AREA092.DAT	703080	5b32e6c269f4d6419b546404ac17afaf4a5f506b06db1341ecc859470d0943b9
AREA093.DAT	1192002	d352b869d4c6753573a6ee4697ed7bff5cdd3e599f16ceb6627ed4409c47f1e2
AREA094.DAT	1259872	a2c58a31512dbb925e6b4639ba3f65acd4d71e7c8e5de9f8296a68b8f977513a
AREA095.DAT	847101	8ed6ca82a8f2bbe53d05e293d5ae5e8829facc4ef4a2e0b459ffcda915f93816
AREA096.DAT	847929	cfc73504de3e8a70810236194aa0f6deb77c4c78ec125225bf518ea1370eeb67
AREA097.DAT	1227989	87193448646ad7ee724be06cd2647572c47d28a53639df63e320eba195b916b5
AREA098.DAT	1203727	b881b5cd0b5da1dd3aa13ab9b05d55774727d5c90473828a2b956e20b10d50cb
AREA099.DAT	1298706	aac915b250b877751f5e2ea8f5c3086c75494956746ad0005f300a87e33f185e
AREA100.DAT	1111878	0d642c36270bc21c0eb6bab9e0ada9a61e3fde616c48de7aded8ed80ed79396a
AREA101.DAT	747432	e466625890c71d49b6696babcccf36c3bd35bf337f57723dbb516e99fa6905da
AREA102.DAT	660790	afe601b3cc35ff68fa754efc545401495b2323ba8e4e94ed7a484e9ae09147ae
AREA103.DAT	1244873	2361cab48d6588688dd87b991d22db3a89d6444d441bd1a069e60d8c1795c3a3
AREA104.DAT	1223748	17dfffb986c7af37e8d0779c26bb8c8348f699d585ce71c883c4d35146458c04
AREA105.DAT	1100810	b13005a006c32ff9fac4d3a46f80e1c737ad46dfbb208435f1580466a08246af
AREA106.DAT	1100322	f2992f6ab4bd45952f685b8f7d0aacf4329af6034226f7356405767142928313
AREA107.DAT	1083849	96d5ec4f85dd162c3c877402065d7124556b7505c1d4288df9d5708fa4fba17b
AREA108.DAT	1321642	89f4f914e15d2dd535c317e878e5a9ebc46b4f30606b26626eb4f07f7b043861
AREA109.DAT	1268310	1beaab7f570a6aec350ce42ddf2441c8d5735537748ca994993bf94e5a0d4269
AREA110.DAT	1209522	5fa1903010e40b8985658dfd07376b4f133a97263bddb1873aa98332bd6d11b6
AREA111.DAT	1260191	97874438be461f0cc76c1105e825c9d75d908dca648ad12aceaa1d22ec7e4c1d
AREA112.DAT	1120130	824eb205529fad5b48bc9d86f73dbebb5586acf391684cd24cbf09370b697d74
AREA113.DAT	1193320	f919ed9df8c8447dfdf0e153a58817d72e77ac181397493dfa886143700b3ed7
AREA114.DAT	1206451	a7e280898a2506d5ec3b89ad9306bd30f45c1318f0cfcc0d44fe786fd01966f9
AREA115.DAT	1224982	5d1813ec0190ac2815bee35e2bb25466a280b623b8643c0c92004d2d0b363b70
AREA116.DAT	706388	0eb0eea5d52dea17179c3170feefaf3495e72ed964eaa9c6954e39aa4c362f25
AREA117.DAT	787724	1894715667dc6310a0a50a9378e65009ec2c4f9eb42511f8da61e5262f3dd75f
AREA118.DAT	795634	606ad4f10a386c54049e0ced68c31f20fdfed0de83b1ebd7d41e25cf51fe4838
AREA119.DAT	1273821	9e703c5cb5c833f14eb0bf2415a3385b23105b657ee84b69486777cc141c44ba
AREA120.DAT	1134646	3c0f8bbcca8fdcea4e20abc7a4fa5b9d984cf1ab29c7559159234a6d1a29ec6b
AREA121.DAT	1152866	f018b8d1334950589d99c893d3ad3d9e8ca1860b41c4da221f6cc2e6975e549f
AREA122.DAT	1185682	80c926817fa2b8be0ec6b51ff635d96942a68cf97bef4e16de2d161ededcd8ec
AREA123.DAT	1185888	0855201ed84634fb2ecc64a5716ea2492c277d81f77953bf3593e3f277978681
AREA124.DAT	1219750	7321902cadfa5d3f40d700af008d3abdcf48e79e904920f0935fbd909f980ac4
AREA125.DAT	1216074	b9cc082e1d69a0d3d15e3fdcb0e411881d3c29c1909e1a544b0e083c9ad5bd63
AREA126.DAT	1249415	a312ba2b9c0f100e2542392595ccb6bf957e34f6fe3a5685a6dc334203382c63
AREA127.DAT	1261594	39443e79430a049639fa51df3cd398801eafa877c53fa1303894e6a2e07cb186
AREA128.DAT	1072303	139aca1b1f3add1f161601c5e03254f874d5b876700b3e06f38284c13fbd3a0b
AREA129.DAT	1466119	3644ff877334a3454f12693f336550113125b2ac6774107de6f2302b92a9733b
AREA130.DAT	703521	3b24c969327c6d0453612cbfe763b13adcf0dfe9873181cd6aa55376ca7d1f09
AREA131.DAT	1236843	427c4df14190ba8380dc434b15bd15419bd4ef509ec0d64827c519039c54ffb7
AREA132.DAT	1245125	6d217611b47c757801f526a8dab80a251976529d81c759aaa1393b1c65a4fa64
AREA133.DAT	1237719	6b3011f811a7dc16c9e80a3b171f7ef5a9621e1909106651893378f8bc970744
AREA134.DAT	1150927	65267e0848340323737dd69ab02f040d893001d592c801c212902afd1dd7c9aa
AREA135.DAT	1243598	7db288c3fdd762c7dfb21b331eae6551d94b95c12eb7c9065ace1f1bfafa7d9c
AREA136.DAT	1230866	101f0d44e8326d5b8521aa8b2b7f9517763936bc8a85e2051fa453597d5d28e9
AREA137.DAT	1255314	79dca6242b2c225f7be62a8897279fb987cd736597eaa1ac8c1aff5e64441610
AREA138.DAT	945562	ded7329420308757428a777039cfb09c99b2951242bff8874450fcf384795d48
AREA139.DAT	955078	1088dff3bc3bd01227327e37edb0c23c8b281b2976ad113e869e8ceca8db8160
AREA140.DAT	964003	ad4c1d1d357ffe8a39a8fca72297dea7fe3c785477e3bc3a17447956bc1faa46
AREA141.DAT	1004822	52a49780df7a792a417c04b6e1745df0e19430ef3faa25d565872232f6284e1e
AREA142.DAT	1266558	7f0a51ded123c1fdc43c6e9ffeccaaf29247d54a95a41484369984473dace06b
AREA143.DAT	1142638	001fcd3aed810477c161d0563cc1e1434603fd8f151769ea4e8368bae008c2c3
AREA144.DAT	933443	0b4d1b1544f62605564def1b285e2d7194a8c23a61dd18256378d07a52c57d36
AREA145.DAT	1176942	2e4d00f98cb4eb0df2a9a420e11a985b0bae32ce50626fba0b176a3af5a38509
AREA146.DAT	731506	ce1f4a6547ffab10ecfb8265e037d778c0f0b2fe0946fea3f4eb6228301924a4
AREA147.DAT	1262481	9ea547165acb566dff7c7de2dadcc75757f56daff53648e0ff23212156d23b18
AREA148.DAT	1290537	069c1b8a9c740ba94ec39f45b4bc94e37a03f1f6108c6864a25301f674758858
AREA149.DAT	1183732	adbbdb0d4e765c222c73ff01658d06fb7c9658364e94706f506e6f5291d1d147
AREA150.DAT	1244321	00dab41254d3c43a820288244882bd936c3a2fb3b34dee8b2d39e9e89d116ea8
AREA151.DAT	1223293	c05027af53e95852762da98ad47055819c457a8d985adc451abaf47f12e2b636
AREA152.DAT	1220096	89e27d552acc9a262b1c4f1a5a62bfcd1c60eaad6742abcc7a44bda329f856b2
AREA153.DAT	1224342	a2ef3553d27457a1a7ca98ba259987e46f78fec52f369974338e3a96a0ef139b
AREA154.DAT	1223758	6b71878c8c09fc3d54129e3ec405463562bdf577ae47b82afbfc67ed8f4959ba
AREA155.DAT	1241140	8d86e09562d207f185d63881a79c5df4816c8031782ec818e270196302779ead
AREA156.DAT	1198418	9cccf428e572a4ec2c5106c4886f525c6de7ffea1085b39316a22e399dfc2b8c
AREA157.DAT	641039	3a2ef4c352cf09b9bd69f2e39fccf28a516d5b5f21fa3a8bf7eee17bd6852343
AREA158.DAT	624082	9bd2ea1d6239c74da0e7a97bafa5f7ccc75a45645746df9dca531ea8285518c5
AREA159.DAT	610210	f3af8558e2ee8ae17f6fc01314e417c43bfd90c1dd1b213ceddb3f90802a6aa6
AREA160.DAT	616106	417e80937a48981947869a032988d7ae14f265162fd2542979102af9f1d289cd
AREA161.DAT	625098	577d543c5094799478980137a9dbd7f20881b12b3cb78d5f3eb20011e361da21
AREA162.DAT	638194	9461fde1589e8d569711b28e241d34c753b34d2809d9e2b85b8c54fbf0b215ce
AREA163.DAT	611950	adfc900b0b0ae0a14c1b5138a152023c762a61958d8bbae0f06978c59f069d8d
AREA164.DAT	602451	921e5f1d55fa935811587182ddc0f451afe7051662a228e20786137e334fb837
AREA165.DAT	633295	22dd07b6753e574f3ffd0f267128eee207e7267c9b55f2b204e09db985640241
AREA166.DAT	620100	0c3eef877d244655152eb3d591fa03728a26ab3c52353c7ea33be3c74b6ffd39
AREA167.DAT	1282379	8a4a0a8b1ad2b1b159641349eebee4cd34eb445049e6fa6f97f811f15a7f2f0c
AREA168.DAT	961087	ef92e68505a4697cb93538067138b6a598791c6d4f50fe1e5d508e1e4fc0046b
AREA169.DAT	743298	7e250db7f5d2a88479bdc550fe4a860a9498c21acb56d84d27d5ef8adaf68c4b
AREA170.DAT	1233165	00c5d56915daa805cfa5a8249d41ac932ed7eeafdd3d29d40e36baa91a16fcad
AREA171.DAT	783023	4432b2d274ed8775369f6a1d81dd21fa189dfaa1cd3ef80074f7f8dc95283415
AREA172.DAT	1080700	0a3a9d904a28af4d55c7d21708e31659476af7345fac1d1b2e092dc4e33797cf
AREA173.DAT	1185599	9dc5674f901a40f7a37610cca03865d17f8cfc8f514cf1054e9e7a5f7af5e120
AREA174.DAT	1273441	b4a6d2975e16f2078563baa475c0aa5aa1db8c2827ad609a1eb2f498801db39c
AREA175.DAT	1117259	9679d259b3c28c1962bd68ac1d85c232e24a380845adf48d75f922eb700c1056
AREA176.DAT	1102631	e198a39e91cb3d143b951140b28381357c0b9dced955fb3fe80a59a3b7ff54f5
AREA177.DAT	1104563	80cff83116b7ed25d90c576057a08cbbdfed648f642cb600ea8eef019cb8d4ad
AREA178.DAT	1104775	a6fdc3dfa5dd519eae7b34937177048d89fe66956c6ea4e023c810f0e76cba1b
AREA179.DAT	1104739	9c83da5f8c0166f3ae01b4531c9339d9fc42b77c72f351e65ca33dad7337990e
AREA180.DAT	1105883	1e2f35cfa88f8c2dfc6ab87954b9c46d3bbc4e1e43746b68851e41686e79ab5d
AREA181.DAT	1106119	a878cb3f5e39b56e6377d38cedfac1d7bebeae4fce67b81340333d587094c60a
AREA182.DAT	1106475	c7bda589216af9ee98f9cad5abb9dd5e522d576b66e302f6564ebad9c2a5edf2
AREA183.DAT	1107119	d008d9e0900270ccf5a27f4814fc9f54834a049adc9a0e42b2858e0e3491af02
AREA184.DAT	1107599	002fe6116d172dd0e138ead8c1883abb6d1be0a5f542c446c6e7c69a2c82ec0d
AREA185.DAT	1107959	c553ddb94aca345b6066826460bda57b5fc0fb44e838661a692aa2744e0409c3
AREA186.DAT	1123530	d476d615daa542804135f9a5bf7f6018e327e7a2722acb87b92ab920861300e4
AREA187.DAT	1067677	50d9ecc4d90635a866530f38ec26162e9402776b469b25fbbc4c295a2c8d663c
AREA188.DAT	1165007	f096598e449d31220bd1f9c7f81d234f900bba6b51bbf1361aa60750e1c93c42
AREA189.DAT	1233257	8e242a3199c1791233015dacb13fcbd7e58472b7392db3099a8d38c05a2d87cb
AREA190.DAT	1222794	65f151d7110ec21f4b7fd17e520124d4d1eef831404b9d24f079a537b80bbb1c
AREA191.DAT	640468	84ed5115bc05758f5dae3e6113ceb043186dca5dd81e7a579ec1745f5de85410
AREA192.DAT	1219092	abc883837723a7fd74b1daa7a4e22d9f72cf67aa0f363b44a0fa565af31f21b3
AREA193.DAT	1193935	98839d81fad91e37b3807aea8f535afd9bfda96966d18e10abd6e9f2ada6ab48
AREA194.DAT	774943	6113e4512abe251f5fbbdc942beb138a159c8d4a5da187bbe7eeab9931371398
AREA195.DAT	1228710	8dc2199f7e0a70efce3ac3dd0e81ae8c6e7952fb085ff3046584edbea1f15c49
AREA196.DAT	830679	7c41bd92bd19e851a06d46dba7a81d9b63042198d518e85b2fc0ca6bc234b7c9
AREA197.DAT	1265593	9fe944742272070603ff774ac579074fd60c706e48de15f87c348f4465c5348b
AREA198.DAT	1057201	500a763a14b3c4f0e2fb3070f686011e328e3a20f546aa08f79732b2b600bd33
AREA199.DAT	1233443	5eb24a4da76c347781b9f8da45a925d4157cb6139f9d70c64314a2704d1c70f0
BATE.DAT	291652	fdf129fc656d9ef7f60e9aa711a4ef7df970c60bd19c0484a83b5c78fd324973
BATL_DRA.DAT	66624	27c8d605fa6e0ecaa31ef694e74ade4cac15eb959811ac8c5b551b66e69df24d
BATL_END.DAT	225028	fa0495934ec8298921a92226eab536a35e1001974eb612c034a4e74492ea9c82
BATL_OVR.DAT	66080	dfef0b55e9a7e478e224d216853ec634b3439a66ea65f536331b80219d6efb63
BATL_RE2.DAT	33312	efdb065b4c8cd445b613727da5d9cc266c3c1ad2b7c08b33b84304a1578f8dc8
BATL_RET.DAT	140100	d239f5a2a9eeafcb0197e5efd033638cddde0a8142d43fe0125e1384034521df
BATL_SE.DAT	106740	0e2fdb1269bf28097c7d0b52f3b94941ae6dff6351e74f780217e07781803264
BATTLE.DAT	400167	951b5283650deb4ffcd8570b6c6e7fd34087c1b5e16cfb927091a4f20a243792
BATTLE2.DAT	400167	951b5283650deb4ffcd8570b6c6e7fd34087c1b5e16cfb927091a4f20a243792
BOSS001.DAT	420107	f963c60f43fe2d743b211a07caad1aec92b37d024b2b78d7d3829ebdb7296a9a
BOSS002.DAT	565503	f0680842784c0949f4db93a10e6c49b0690044d857c568699754f6995cd07895
BOSS004.DAT	453371	bd4340ecf088f48c07a88af5449e44be9839975b6853a7ea2326dd87a7587574
BOSS007.DAT	422683	fd8fae2bdd3dd9afd5b2c66f3f492534f87dd71c5da148cf8536980e3aed39ee
BOSS008.DAT	567251	75436d756923c047b0dad99d977a05335c4ebd47eff3cceb32eea547100d4e8b
BOSS012.DAT	564351	ff3b067d930112f2202d10969742122e85936a43bd763c4a4003eda74ebc44cc
BOSS013.DAT	470427	11933fdc486ae088724fae1195b0eba279020c46e9d7a96812e35d90feb6c196
BOSS014.DAT	484987	6ddce5e1b4b3476990fe0c49a15a92420fdbffefd2a163a2d7f6fd043f240f75
BOSS015.DAT	552255	0dbf296b87084d2c6c85161b7d815c12b65b7bb58c73804f6b76c621debb922f
BOSS017.DAT	433379	72abba507f7d273f576cd844dc6e735f658f1e1f91a2a9ff77d421dffbaf8ab4
BOSS018.DAT	484035	5d43f864ac917dd7a59fc8b8f5c26b9cd3bd3ac962224da03226ea3652ad4c65
BOSS019.DAT	476139	f123ac973011907718aafb5b10975692dbbd4a9daa689e122b5cf0a0aaa3c25e
BOSS020.DAT	485659	4629e74ab4e3de8358176e8241e95f6ebdfed97d216b5249e2c6c6f320ca70e1
BOSS021.DAT	469207	3aeaa077fe9bf989ae2177a724e68d947c6e4dd514060849fd49adc77999008f
BOSS022.DAT	508583	4cde8e3e2ba9255fe1064ac3eca1e71c283f8a022127f5fb06c4f78421a6072d
BOSS023.DAT	450043	4e7169e1a8a352a30d640c4fd75fd6207ede170e132a5e02dbea70f8cb805b9d
BOSS024.DAT	446483	3abd94a20778818c203074e236adfc046b317cb11793c5fece0f5d8a920e529e
BOSS025.DAT	512279	c77e222de99962db12386c21ef99462561153bd9add373e7da7b52f751ded9ee
BOSS027.DAT	512279	c77e222de99962db12386c21ef99462561153bd9add373e7da7b52f751ded9ee
BOSS028.DAT	493119	cf7b32c2d17d1230483ec873bfed0db574cc721be7685a84eb68d7dea945d355
BOSS029.DAT	420163	51d0396caf438c18959e4d8e5b4a51a510b7784ff054dd8a6e2f46c7f359e302
BOSS030.DAT	489323	7a84c96dde9094848f74620e9daa08fe83af495620b186873581905ae6b3a7bd
BOSS031.DAT	508583	4cde8e3e2ba9255fe1064ac3eca1e71c283f8a022127f5fb06c4f78421a6072d
BOSS032.DAT	477731	53a5367ab47a9b080220250bfb11fc1a43f89bb6cecefba56204e6dba8403b6f
BOSS033.DAT	451667	928d4350323e5d6f86d327f9320b312e9d73108ee3b476072fe39d8657457357
BOSS034.DAT	544067	3edefd4de8a047390ca399037eee36f04ca1b3af0c9bf0ca4e3cd717d1c78215
BOSS035.DAT	509863	289f2f3194a61b5d71afdd1c27105b13804591ca51ab73cfcac70e0f351a326e
BOSS036.DAT	565191	cce2ad28d3cf5819857355d4f4706fa8a258d7ea775567e134e21c92ad11ffd7
BOSS037.DAT	506435	5293ab4fd7f02bdba5b312c87e4038f1308fe2993cdf3e98b2cc5585cfac1de4
BOSS038.DAT	505987	b39449f1e23ee96af947246393a0a2284fd9eb24fa2b841d6b5657957a1f15c3
BOSS040.DAT	453315	afbf5b6133c25432e5591ce8495b473b72258892551cecd7526d6ac797b61ef5
BOSS042.DAT	464043	d130cbc3bf6b09a274fa3e661716238562e6d69960a1834edc09d515836b0097
BOSS046.DAT	484987	6ddce5e1b4b3476990fe0c49a15a92420fdbffefd2a163a2d7f6fd043f240f75
BOSS047.DAT	509863	289f2f3194a61b5d71afdd1c27105b13804591ca51ab73cfcac70e0f351a326e
BOSS049.DAT	474459	66acbb7d078d06da2f813ff7fef32f39df8b681208605ca3063cbba5b664c262
BOSS050.DAT	501451	ee7f26adc9883dbc288697ec791068999f92dae72e753c8f0b1badd0618e10f6
BOSS051.DAT	537963	5d663165b7a433e9a1db8f2acc7ff60d62f7f3b560cc142b00b563a14fbd33e8
BOSS052.DAT	557675	e77b94bc7f20a1a988036c5031574d2fa555763a407e702a6d506fdb2e6915aa
BOSS054.DAT	562087	cba7a08802e4ad1fed2d22ae5df4a522e3239de812784ad2b2268ad736b5dfe6
BOSS055.DAT	532419	ae9ce0fe972423bffa4e1bbea6692806828df95db405b1ce0b1b24c93b98883e
BPLD012.DAT	690612	ba1fdb6256436d87e96b8d79792a1fcc14323dba084c20cedf8ceba83cd3b578
BPLD015.DAT	652796	b0896a6b171d295699a47b314b5fb189c1d4b07793b9a03e54aa59d1ae5c6f55
BPLD016.DAT	653468	25ec8172bf60003643530b432933b613ea90b889f8ac499fa072c2cc15aa95c5
BPLD025.DAT	689212	fbc80bcfaec53a88ce22b4b003a136ef650db4521d783e9ae29e86094fa4297e
BPLD026.DAT	689884	2c9a6156020d12b40c68ef3812d715069f070341222eedf79e12fa6be7126dd5
BPLD034.DAT	641148	e1496d01bcc252db4697214f432b508d9c78b368211b29da0d72c6ab025d1e8f
BPLD056.DAT	652068	ed70e6b5bc27afe81b83d8a80e1520331b4b38400fc0f69bb21bf8875b92f80d
BPLD247.DAT	672692	32b59b43ce31e5c3bedb426b127623cc0f2c83d4a82b57bf3579810e5a6eff6a
BPLD257.DAT	685628	082dfe32b9004d6b2418d8ca6e118bb9fcf64cfbe3cd84755765f65518436ed1
BPLD267.DAT	686300	817b12c482698d90accb4e91b3cc76e3d439ff63f049b4ed7343db4fce4b4c92
BPLD278.DAT	671136	aeb2793cba70cd06ff349305dbd2784241c9bcf074bec3664cc4e0841a617732
BPLD27A.DAT	552104	e0086b83fdde68d5be8d98bdb17d4aed78a983c477ed1e4c83976d6c0f25e71c
BPLD349.DAT	331804	91ff5eb36ee057c3a344fabbb1a8a09bc1d1ff39a7cfc86e1e6c420790dd5ee3
BPLD457.DAT	634876	dac3a5acab0bcf375cef3cf29de815445493a3e40e3ce573ea2ce8718b77dc0d
BPLD467.DAT	635548	3a8970230402419902c73e5a6498f66903ebdf5feff6e8efef33132d4b2f5511
BPLD478.DAT	620384	cc89695c6d8e4fb7b8df18b0eda03bf57d935d1d33e2845495b1862019374775
BPLD567.DAT	648484	2892fc9b245efb2da53dbd7ca3014f2993578a623f18afaaad212fcf65c236a0
BPLD578.DAT	633320	5595212256f77ee54f125a7966b5841d2835fdd6a73e25b894bea089554bc929
BPLD678.DAT	633992	7f97d391db69944187b1b0fe172c6066019b1ad8cb590732b38b31a8ea1464c5
BPLU012.DAT	690612	1d38c75b3dca200d8770a06abed7a65f98bb8ae848177ba65f2323a6239abb89
BPLU015.DAT	652796	5a8ec27a5830a32b520d09c63be9f759326c9cdb9fbd16f3db1fe6eafaa900b9
BPLU016.DAT	653468	bdd49652a64eaaedb73109f4b9e755b58433ad5cb379e3876e698d1ad7b7b93e
BPLU025.DAT	689212	a9718e875f56569ee967d3f016ed5304dd2432541170db8724f824db4ffbbbbd
BPLU026.DAT	689884	a25b80d9731ad840bd1b32c43e134176c1a8d1117158201dfb86c2661ba96a8f
BPLU034.DAT	641148	43f8a2c8adaf96ab8517976dc8fe86234c61f65c8b6248235b6684e15b944d69
BPLU056.DAT	652068	5a91eb19a15612007365611836cde5f41133a0b6a829f7eea03c4c387f03b504
BPLU247.DAT	672692	8cce21916be7ea21ca73b9be88fec847e186875a0e10051a0b323dd8b3ec8465
BPLU257.DAT	685628	81a57ef3852e1ea638648b63ddf47335f1c5da1c4164f1e73f2a7bba13dffc69
BPLU267.DAT	686300	0113963fb7d76f64ae262ca6391f301cfa531447911a8b46f0345c401c2cff6b
BPLU278.DAT	671136	5760cf6e2ac337343e9f338122d7261a452e66efc99e3dbc36310307c71db36a
BPLU27A.DAT	557708	051affb61188f52c7b111b9c3c3602f6fdf714ae7e611bb3db106067b0cc07fb
BPLU349.DAT	331804	c718d06ff16ee6521e94c7db37692978b3349d7c74cfa4365e98ecbf4b98c67d
BPLU457.DAT	634876	7f766a722d3bd9d78bcbf94ab34f4a2549f642a20f2c3818bc2d51057b37a038
BPLU467.DAT	635548	82f9eb95154fb9f200e08672f844efa7ca0ae4136fee3c6c43b49bdc3bf0d8bd
BPLU478.DAT	620384	35a412a20ebc9cef9423acc9ab7a72572f18a5705ac63c09a310af16d03ac051
BPLU567.DAT	648484	b2316bdf4a439f01c0e95ae9b859d45a821552b70ea14c86dba3504da3d090d4
BPLU578.DAT	633320	f1b1caeedad8ba7c93f92285782fae43a63e36ca806485fa2e22c7efc9dd8e5b
BPLU678.DAT	633992	ca42e74a76bb21ce691c01ddb38a12489e3db1b15c2c7b9ef497ed93145aa9ad
BRTD247.DAT	629664	e5b490412f96476c407ccded927dc81bd86a560802bda8a7e6a7fc8bc0f0f69c
BRTD457.DAT	591848	ecb1e39f598f314f1e7a0000d5223cc140cab4979a2890f2c482a973ee6ef603
BRTD467.DAT	592520	f330b5fc09410a9229f981366a46528c8e90d8169c6f6fac6aaedb5f0c299d7f
BRTD478.DAT	577356	47908e90fa47c7cfc16aeb82c3bf68e2f757aed0c77fd34b46548d0fe5163f5d
BRTU247.DAT	629664	bd69629b6659ae406721eaad4eed25142bfd08285d1bc78af52b3d1ee3821ed7
BRTU457.DAT	591848	cc988a5cf06c9f0fe6afd51ad13224259927a1b03e518e93b981512210b31440
BRTU467.DAT	592520	f16d9290ec97e766a64cea59928de40693dbd745ee30ad99f4996b6024f59fb7
BRTU478.DAT	577356	ba7f279a8b449b16efe67e2321151560c9722e1f0263486e5991074679e8db7f
COMMU01.DAT	291652	fdf129fc656d9ef7f60e9aa711a4ef7df970c60bd19c0484a83b5c78fd324973
COMMU02.DAT	291732	31d3a4b947dc507f2dbff476744ed0fab3eefbd7b8ec264754400839d8463be6
COMMU02B.DAT	291652	fdf129fc656d9ef7f60e9aa711a4ef7df970c60bd19c0484a83b5c78fd324973
COMMU03.DAT	258868	c9ee29df23e57eed68ffa7a31a3c2e3b063c005b006201b6ca963d51b60cdd15
COMMU04.DAT	258868	c9ee29df23e57eed68ffa7a31a3c2e3b063c005b006201b6ca963d51b60cdd15
COMMU05.DAT	291652	fdf129fc656d9ef7f60e9aa711a4ef7df970c60bd19c0484a83b5c78fd324973
COMN_SE.DAT	257812	4da58561710f2b169fc04a991c74fcebe2066e756e0906dc70c036ff9934ce39
CRYUD00.DAT	215272	437d0416537df8befd4f5f7639be70bf4e3b1c8e39ae3b5ea0899ad37497bcec
CRYUD01.DAT	219024	f8259921bd83be1ff3c2ced1883f471ae1c05cf9724f1add4f320dc1654d5d60
CRYUU00.DAT	215272	c4a178ba4e6049f451210d3b7ef0441ef7c2228e69a5dae5f67453cdd96daba2
CRYUU01.DAT	219024	23b2dee3a4c2eb055dd1dbcc3a78935613cc4991d30bd57c026f3ce3b86606f8
DEMO.DAT	687956	6c027581187be5d53411312f37dd9bcf44b9658ef6048294e8f16228d23ff3c1
DRG00_00.DAT	150532	9ca65edabcce084534d782d1e417380b4813806254c9e2dc06e7120f031b431d
DRG00_01.DAT	150532	95311803aa8273a8d31555ff6a2fee3a7499e7eaed3ac6d44382df3e6d28929e
DRG00_02.DAT	150532	163cca94443d79e88ddbfd07c84a121be28628e2e2a138ddd1596cc5df53b017
DRG00_03.DAT	150532	1c60495614a5e564cd5aceb87b2520ecb5c6901e57a7ab4e63674e636a3ebf7e
DRG00_04.DAT	150532	429c3f0902805a8c1e9d9fb4679fee6b99c775d24edd8adadaee0bf27716bb3a
DRG01_00.DAT	146268	b9ec94c0ca9674d6cbf68c6317eac1a39c9b6c39cbba935356e835d06b9a50dc
DRG01_01.DAT	146268	f60ca4c59369819d066c27f589032b1458e0e2fabd2909a36bbefb93a78b02ae
DRG01_02.DAT	146268	b1928c50b96d8cb6fb674aac9fcb4164784934cced2c7270a31412a882b7a9d3
DRG01_03.DAT	146268	5b79b35749e390631169f22348e9fd689834013c697a925b1881d3e832df9d7c
DRG01_04.DAT	146268	ec77b96dcc369f301b3710c38b075f560ae9887f0d3fe50f8e47057902f4a972
DRG02_00.DAT	106756	039056345db0cae72a9b062f005700da06c53bc44ce395d8c9663e93f32ae3ef
DRG02_01.DAT	106756	f0d9b456fc55f6d244a2d5f34a32eca817d2aa5cf91f75ac60b53d06a89d4f46
DRG02_02.DAT	106756	5c14c7c1a001534ec14dd9229d3389affe321f4feedfb4239cc75a0af401701c
DRG02_03.DAT	106756	f0727fce8ce978f6e8ca6a8bfb049722db7e791e86bd5f970958c85c5d9b343f
DRG02_04.DAT	106756	47b60e934d6829ad48bb2cf511d0d3120ddafe7bcd077589ef2dc31623b26395
DRG03_00.DAT	183184	143f9724be0e5f1a3ef5238e0d1d15d93f756895bfb8d1d7adaa92c36cc4b251
DRG03_01.DAT	183184	9ffcd4215c5652346eb87ddf968a1ee21a3ad96b38545f966c19c1e267630e64
DRG03_02.DAT	183184	766592c77550cb86f07814871594611ab1ffafe1d41103dd035b441a439a9466
DRG03_03.DAT	183184	af1bdeec08247eeb6c7f62f3cda9308e8f59754b46bb2125a713065e9972e7fe
DRG03_04.DAT	183184	f86ae28370cc6d87dfcb44ca1f162e0c09a7f324db6b81d272a5924ed1ec3e1b
DRG04_00.DAT	367268	99d0029601ef0d65fe5e676b3cfcf3d928d654b197c6f02f73b7413518f9bfd4
DRG05_00.DAT	169176	c2ad2687f8a5ca12dc88cf06529b01f32407c51e098babc582bb3abbaa7e7228
DRG05_01.DAT	169176	a1b7e3ec8384361719b9e98970fce1b89b938fadad29b71249009bebfa2d41af
DRG05_02.DAT	169176	5dc21bbc64ba2027e712bb5feff1bb4a92d4210b2ca435eb2203cd757fbff2b8
DRG05_03.DAT	169176	ecf30be6431789f0bcc864d314a4657d37c048be687024b5c2a9e22a30cdd98f
DRG05_04.DAT	169176	3857ad9247d8ac175cd1d580b5c086bfe824ba01852e93e7333cbbdd495d1116
DRG06_00.DAT	311688	f894340171fb159655259790b400b74b35e58a2fcf9c38a1ca0206401682927b
DRG07_00.DAT	139284	ce289dca4cf57cb31efd9968a7b802b50316c8cc6193808d844228d3b2b7b7b7
DRG07_01.DAT	139284	a5c519540f107ffce6234389ae1287f480352449f64c6ab15a66ad739db684b4
DRG07_02.DAT	139284	1b5a023ea3e0c46f31e6e56920f0f8462a256303d31f5a3e205f210c9d7d31ee
DRG07_03.DAT	139284	d06bb522e29da960a10a8502416e9a0ee2244d64ad3782b6a59d921504a323fe
DRG07_04.DAT	139284	c8c92b58a2c3bb1ae4d9114edcfa6283f264db0c293753b0a850d4900cb95bf3
DRG08_00.DAT	117904	d6222d52b04f56c2054e364b2468f7c9c38cffc7a189a18c2c01f55688aa9586
DRG08_01.DAT	117904	28296cce883af597db1a2a03ca8c5424bf3fadc10b3ba81d6f77523285798434
DRG08_02.DAT	117904	7e0507ede82ae647f09af757783eea7d5750b6f65b0fc5ef6fa3b3901cd6136b
DRG08_03.DAT	117904	e9423b316b7cc27c71fb686099d6c4418e2616f39a0690c6a9273472f6f67eeb
DRG08_04.DAT	117904	630f3bca05b1061d9ed69b2f7b38524fdf1b0f664bbb11449f7e641e80f0cb98
ENDKANJI.DAT	65568	c8e2352d60e6b0f8100df8609f48f01a308ef20366cfdd047563167556666768
ENEMY000.DAT	912	677b8ff2f964071cc5ef1cd5c6f06c4198357088786ad6e6a62717277ebdfd4f
ENEMY001.DAT	912	677b8ff2f964071cc5ef1cd5c6f06c4198357088786ad6e6a62717277ebdfd4f
ENEMY002.DAT	912	677b8ff2f964071cc5ef1cd5c6f06c4198357088786ad6e6a62717277ebdfd4f
ENEMY003.DAT	106008	db6e39ee5bdc70309577f36cab66001045f9241c12e6fbc1f361e3c5bb6f889b
ENEMY004.DAT	912	677b8ff2f964071cc5ef1cd5c6f06c4198357088786ad6e6a62717277ebdfd4f
ENEMY005.DAT	106008	db6e39ee5bdc70309577f36cab66001045f9241c12e6fbc1f361e3c5bb6f889b
ENEMY006.DAT	106008	db6e39ee5bdc70309577f36cab66001045f9241c12e6fbc1f361e3c5bb6f889b
ENEMY007.DAT	912	677b8ff2f964071cc5ef1cd5c6f06c4198357088786ad6e6a62717277ebdfd4f
ENEMY008.DAT	106008	db6e39ee5bdc70309577f36cab66001045f9241c12e6fbc1f361e3c5bb6f889b
ENEMY009.DAT	106008	db6e39ee5bdc70309577f36cab66001045f9241c12e6fbc1f361e3c5bb6f889b
ENEMY010.DAT	106008	db6e39ee5bdc70309577f36cab66001045f9241c12e6fbc1f361e3c5bb6f889b
ENEMY011.DAT	912	677b8ff2f964071cc5ef1cd5c6f06c4198357088786ad6e6a62717277ebdfd4f
ENEMY012.DAT	106008	db6e39ee5bdc70309577f36cab66001045f9241c12e6fbc1f361e3c5bb6f889b
ENEMY013.DAT	912	677b8ff2f964071cc5ef1cd5c6f06c4198357088786ad6e6a62717277ebdfd4f
ENEMY014.DAT	912	677b8ff2f964071cc5ef1cd5c6f06c4198357088786ad6e6a62717277ebdfd4f
ENEMY015.DAT	93028	b057130f37f3db4fe489ae0109997c79efff2db744630848d44066c304e2f476
ENEMY016.DAT	912	677b8ff2f964071cc5ef1cd5c6f06c4198357088786ad6e6a62717277ebdfd4f
ENEMY017.DAT	912	677b8ff2f964071cc5ef1cd5c6f06c4198357088786ad6e6a62717277ebdfd4f
ENEMY018.DAT	106008	db6e39ee5bdc70309577f36cab66001045f9241c12e6fbc1f361e3c5bb6f889b
ENEMY019.DAT	106008	db6e39ee5bdc70309577f36cab66001045f9241c12e6fbc1f361e3c5bb6f889b
ENEMY020.DAT	118776	22badd9252939f38620bee9f1d438375946251fe5a8bd49642482b3a0d03cf56
ENEMY021.DAT	912	677b8ff2f964071cc5ef1cd5c6f06c4198357088786ad6e6a62717277ebdfd4f
ENEMY022.DAT	57436	d87ccb44ba9a07cd2c3ba46ff9c37666232ac9ea9189883330fb7178ad79584c
ENEMY023.DAT	84796	bfd3bd4b09a41148d1321fdbe7a3ef27898b72b9da53fedc9d7a5fa4d7663f33
ENEMY024.DAT	912	677b8ff2f964071cc5ef1cd5c6f06c4198357088786ad6e6a62717277ebdfd4f
ENEMY025.DAT	912	677b8ff2f964071cc5ef1cd5c6f06c4198357088786ad6e6a62717277ebdfd4f
ENEMY026.DAT	912	677b8ff2f964071cc5ef1cd5c6f06c4198357088786ad6e6a62717277ebdfd4f
ENEMY027.DAT	52788	160c6ed1b76d623068b1ef6e479ee90eb499fa6917aaefa10c9ddf2bf8361bfd
ENEMY028.DAT	44624	b5a8742c43c500c22dbee4a8b00297ea8155399bce79ab82bf095fc8641f5ce9
ENEMY029.DAT	118776	22badd9252939f38620bee9f1d438375946251fe5a8bd49642482b3a0d03cf56
ENEMY030.DAT	912	677b8ff2f964071cc5ef1cd5c6f06c4198357088786ad6e6a62717277ebdfd4f
ENEMY031.DAT	912	677b8ff2f964071cc5ef1cd5c6f06c4198357088786ad6e6a62717277ebdfd4f
ENEMY032.DAT	912	677b8ff2f964071cc5ef1cd5c6f06c4198357088786ad6e6a62717277ebdfd4f
ENEMY033.DAT	912	677b8ff2f964071cc5ef1cd5c6f06c4198357088786ad6e6a62717277ebdfd4f
ENEMY034.DAT	912	677b8ff2f964071cc5ef1cd5c6f06c4198357088786ad6e6a62717277ebdfd4f
ENEMY035.DAT	64648	05a3a67e4fbcbfc1817107accabe16e22fc2693f437c7a3a009fa11896470346
ENEMY036.DAT	912	677b8ff2f964071cc5ef1cd5c6f06c4198357088786ad6e6a62717277ebdfd4f
ENEMY037.DAT	912	677b8ff2f964071cc5ef1cd5c6f06c4198357088786ad6e6a62717277ebdfd4f
ENEMY038.DAT	912	677b8ff2f964071cc5ef1cd5c6f06c4198357088786ad6e6a62717277ebdfd4f
ENEMY039.DAT	912	677b8ff2f964071cc5ef1cd5c6f06c4198357088786ad6e6a62717277ebdfd4f
ENEMY040.DAT	118160	9c3d515926861cd3211e68200597b734f1ee6452091ea39c93f043bd6bfa6bbc
ENEMY041.DAT	912	677b8ff2f964071cc5ef1cd5c6f06c4198357088786ad6e6a62717277ebdfd4f
ENEMY042.DAT	79152	952bbd317037cb2f5cd9e37217e49ecf8196e30eb9ff69dfe02ac0cae7729a78
ENEMY043.DAT	912	677b8ff2f964071cc5ef1cd5c6f06c4198357088786ad6e6a62717277ebdfd4f
ENEMY044.DAT	121520	ce9a45b4ef34cfea0f3cac255e1da4d2ac936052b1278e7b0a4c490ce92cd7e0
ENEMY045.DAT	912	677b8ff2f964071cc5ef1cd5c6f06c4198357088786ad6e6a62717277ebdfd4f
ENEMY046.DAT	912	677b8ff2f964071cc5ef1cd5c6f06c4198357088786ad6e6a62717277ebdfd4f
ENEMY047.DAT	912	677b8ff2f964071cc5ef1cd5c6f06c4198357088786ad6e6a62717277ebdfd4f
ENEMY048.DAT	121520	ce9a45b4ef34cfea0f3cac255e1da4d2ac936052b1278e7b0a4c490ce92cd7e0
ENEMY049.DAT	912	677b8ff2f964071cc5ef1cd5c6f06c4198357088786ad6e6a62717277ebdfd4f
ENEMY050.DAT	912	677b8ff2f964071cc5ef1cd5c6f06c4198357088786ad6e6a62717277ebdfd4f
ENEMY051.DAT	62632	238558da76cbfacf929ac738b7b31b86de5196b7a149a26842a83eedb02b4f9f
ENEMY052.DAT	89152	dfa188e9828e7f1db78eaff49a14e923298ecba4d62c74fbea5e2e1a03e177f0
ENEMY053.DAT	912	677b8ff2f964071cc5ef1cd5c6f06c4198357088786ad6e6a62717277ebdfd4f
ENEMY054.DAT	104384	d6dcb0c21bc26c5245ec6bf2e025a31d918c5a358e2479a44bdb9a0522089137
ENEMY055.DAT	912	677b8ff2f964071cc5ef1cd5c6f06c4198357088786ad6e6a62717277ebdfd4f
ENEMY056.DAT	110488	d68d5a0029789190e47e35ddfa1a4d6507f1ab1080f36eb70c49ffd5b98fe51f
ENEMY057.DAT	912	677b8ff2f964071cc5ef1cd5c6f06c4198357088786ad6e6a62717277ebdfd4f
ENEMY058.DAT	912	677b8ff2f964071cc5ef1cd5c6f06c4198357088786ad6e6a62717277ebdfd4f
ENEMY059.DAT	912	677b8ff2f964071cc5ef1cd5c6f06c4198357088786ad6e6a62717277ebdfd4f
ENEMY060.DAT	912	677b8ff2f964071cc5ef1cd5c6f06c4198357088786ad6e6a62717277ebdfd4f
ENEMY061.DAT	912	677b8ff2f964071cc5ef1cd5c6f06c4198357088786ad6e6a62717277ebdfd4f
ENEMY062.DAT	912	677b8ff2f964071cc5ef1cd5c6f06c4198357088786ad6e6a62717277ebdfd4f
ENEMY063.DAT	106232	c678b09a075546199f12d5b7608390617c183e62d99caa67f84c6f5f3a845b7a
ENEMY064.DAT	101920	93c30f766f23c5315bae860c902770cfcf78bb27f97413bbc399e8e7f3c36708
ENEMY065.DAT	912	677b8ff2f964071cc5ef1cd5c6f06c4198357088786ad6e6a62717277ebdfd4f
ENEMY066.DAT	912	677b8ff2f964071cc5ef1cd5c6f06c4198357088786ad6e6a62717277ebdfd4f
ENEMY067.DAT	912	677b8ff2f964071cc5ef1cd5c6f06c4198357088786ad6e6a62717277ebdfd4f
ENEMY068.DAT	912	677b8ff2f964071cc5ef1cd5c6f06c4198357088786ad6e6a62717277ebdfd4f
ENEMY069.DAT	74940	6a4529e929e9e088d788ccd32cdbf86aa4fc00e83351672c558b988d29cb4988
ENEMY070.DAT	95716	2bcfd058c121f83ccd34e9454bc3bd854efa6accdc7588eff891912ddc6a44c6
ENEMY071.DAT	81716	75149adf72be64d3dee3b48ac0b51ae73d153f36493ae0c4a159cdf85ddf611b
ENEMY072.DAT	99076	8fecda6bc70eebda59e5bb9d45e506d622849f70873103e8958693b0785b0500
ENEMY073.DAT	96556	30313e26a82f8bfba1b02ab644782e76248d7d51f9fa2b24cee427877026216c
ENEMY074.DAT	912	677b8ff2f964071cc5ef1cd5c6f06c4198357088786ad6e6a62717277ebdfd4f
ENEMY075.DAT	912	677b8ff2f964071cc5ef1cd5c6f06c4198357088786ad6e6a62717277ebdfd4f
ENEMY076.DAT	106524	9dd30ed2ba8d293d88a0cddc00755a68eef6e560bc606f1f7dede686a98c0996
ENEMY077.DAT	59956	f92bf977072032b482005e740647882d2fd3fa9df0eaa909ded3aedde33d19db
ENEMY078.DAT	912	677b8ff2f964071cc5ef1cd5c6f06c4198357088786ad6e6a62717277ebdfd4f
ENEMY079.DAT	912	677b8ff2f964071cc5ef1cd5c6f06c4198357088786ad6e6a62717277ebdfd4f
ENEMY080.DAT	912	677b8ff2f964071cc5ef1cd5c6f06c4198357088786ad6e6a62717277ebdfd4f
ENEMY081.DAT	912	677b8ff2f964071cc5ef1cd5c6f06c4198357088786ad6e6a62717277ebdfd4f
ENEMY082.DAT	58052	4f76644ff4be62fd700dbaf304f8cffca626a5f08741a4a38144b2986345c1c4
ENEMY083.DAT	72544	0b4423b9588919a687a7d22e572165d976a1c56e009cf11e8e11695c9ab3a298
ENEMY084.DAT	54300	c7c96793f4114f50564e809cf79b1197d3a558e31dadfd54facf1bbf38b2540c
ENEMY085.DAT	912	677b8ff2f964071cc5ef1cd5c6f06c4198357088786ad6e6a62717277ebdfd4f
ENEMY086.DAT	40972	61a7793fd18c1087da7f4166633ede07b98b41765a653bd17a16813ee8b06592
ENEMY087.DAT	912	677b8ff2f964071cc5ef1cd5c6f06c4198357088786ad6e6a62717277ebdfd4f
ENEMY088.DAT	912	677b8ff2f964071cc5ef1cd5c6f06c4198357088786ad6e6a62717277ebdfd4f
ENEMY089.DAT	912	677b8ff2f964071cc5ef1cd5c6f06c4198357088786ad6e6a62717277ebdfd4f
ENEMY090.DAT	912	677b8ff2f964071cc5ef1cd5c6f06c4198357088786ad6e6a62717277ebdfd4f
ENEMY091.DAT	87652	98c401919efddf492f5423910f4daba1767c3fb5a99555d27d310edae62aa2fd
ENEMY092.DAT	912	677b8ff2f964071cc5ef1cd5c6f06c4198357088786ad6e6a62717277ebdfd4f
ENEMY093.DAT	912	677b8ff2f964071cc5ef1cd5c6f06c4198357088786ad6e6a62717277ebdfd4f
ENEMY094.DAT	912	677b8ff2f964071cc5ef1cd5c6f06c4198357088786ad6e6a62717277ebdfd4f
ENEMY095.DAT	109032	61af01c81a6dead10baad0a7a8745f9ed6ff08a4f42ce000c97dd1dfe9a8d6ef
ENEMY096.DAT	109032	61af01c81a6dead10baad0a7a8745f9ed6ff08a4f42ce000c97dd1dfe9a8d6ef
ENEMY097.DAT	912	677b8ff2f964071cc5ef1cd5c6f06c4198357088786ad6e6a62717277ebdfd4f
ENEMY098.DAT	912	677b8ff2f964071cc5ef1cd5c6f06c4198357088786ad6e6a62717277ebdfd4f
ENEMY099.DAT	55968	79681c69e2b32c2854202cf618b172bc8f949073e7f82e8a39e32b731e760943
ENEMY100.DAT	912	677b8ff2f964071cc5ef1cd5c6f06c4198357088786ad6e6a62717277ebdfd4f
ENEMY101.DAT	912	677b8ff2f964071cc5ef1cd5c6f06c4198357088786ad6e6a62717277ebdfd4f
ENEMY102.DAT	86824	8c4273416c8092ffdcdccd2a8492769081f2a4df41b9a36aab052007954692c6
ENEMY103.DAT	65556	ac38d05a816b8631e645adf22ba1a2da4f21a18a57be4d57be7778a0663452e2
ENEMY104.DAT	912	677b8ff2f964071cc5ef1cd5c6f06c4198357088786ad6e6a62717277ebdfd4f
ENEMY105.DAT	88828	891b1a00a4226c06f363e372f06ed3f1afa98db7062a021140d48442f625dd5b
ENEMY106.DAT	88828	891b1a00a4226c06f363e372f06ed3f1afa98db7062a021140d48442f625dd5b
ENEMY107.DAT	88828	891b1a00a4226c06f363e372f06ed3f1afa98db7062a021140d48442f625dd5b
ENEMY108.DAT	90060	19eaba3f0d00059461c48ac9a2e68609f10699bae3eeca578f0bf24b1308d861
ENEMY109.DAT	90060	fc0f76a9002dd48966dc431d0bf73af1b3edd6f530a343a15a8b6212e1a30725
ENEMY110.DAT	88324	e01aa7a6b849540b8e982c58a08372aca07426f580f69afa74117b54ed4ae4cc
ENEMY111.DAT	76788	590d5ab22643371797636f1476f96009cf7e52c4122b74203f01f71c2973686c
ENEMY112.DAT	76788	590d5ab22643371797636f1476f96009cf7e52c4122b74203f01f71c2973686c
ENEMY113.DAT	912	677b8ff2f964071cc5ef1cd5c6f06c4198357088786ad6e6a62717277ebdfd4f
ENEMY114.DAT	912	677b8ff2f964071cc5ef1cd5c6f06c4198357088786ad6e6a62717277ebdfd4f
ENEMY115.DAT	912	677b8ff2f964071cc5ef1cd5c6f06c4198357088786ad6e6a62717277ebdfd4f
ENEMY116.DAT	912	677b8ff2f964071cc5ef1cd5c6f06c4198357088786ad6e6a62717277ebdfd4f
ENEMY117.DAT	75388	a6ce220e266cde9717cf239e11c1053c2a8c7d34c50295dec52b15a59e59737f
ENEMY118.DAT	75388	a6ce220e266cde9717cf239e11c1053c2a8c7d34c50295dec52b15a59e59737f
ENEMY119.DAT	61624	f16b76fa57eb73b222c42c026ae02f7eb1ae313c8e6cb8c04658479a9da6d028
ENEMY120.DAT	912	677b8ff2f964071cc5ef1cd5c6f06c4198357088786ad6e6a62717277ebdfd4f
ENEMY121.DAT	912	677b8ff2f964071cc5ef1cd5c6f06c4198357088786ad6e6a62717277ebdfd4f
ENEMY122.DAT	912	677b8ff2f964071cc5ef1cd5c6f06c4198357088786ad6e6a62717277ebdfd4f
ENEMY123.DAT	912	677b8ff2f964071cc5ef1cd5c6f06c4198357088786ad6e6a62717277ebdfd4f
ENEMY124.DAT	95100	dc274e05693f01df3b943cddc64b33298ddaa0509932111ac8f8bacee2e7dbc5
ENEMY125.DAT	88448	e8c0fa7b9d9e42732895a2afcf67af1490b9cb1985d2d405571304f50fb8b600
ENEMY126.DAT	912	677b8ff2f964071cc5ef1cd5c6f06c4198357088786ad6e6a62717277ebdfd4f
ENEMY127.DAT	77808	ada8490ab6cf5ea8fc91e9a1a90474c08be05910cd6becca8d614458797014c7
ENEMY128.DAT	912	677b8ff2f964071cc5ef1cd5c6f06c4198357088786ad6e6a62717277ebdfd4f
ENEMY129.DAT	912	677b8ff2f964071cc5ef1cd5c6f06c4198357088786ad6e6a62717277ebdfd4f
ENEMY130.DAT	912	677b8ff2f964071cc5ef1cd5c6f06c4198357088786ad6e6a62717277ebdfd4f
ENEMY131.DAT	912	677b8ff2f964071cc5ef1cd5c6f06c4198357088786ad6e6a62717277ebdfd4f
ENEMY132.DAT	912	677b8ff2f964071cc5ef1cd5c6f06c4198357088786ad6e6a62717277ebdfd4f
ENEMY133.DAT	912	677b8ff2f964071cc5ef1cd5c6f06c4198357088786ad6e6a62717277ebdfd4f
ENEMY134.DAT	77964	0f7533b04723f7fcc95de86e1a2aef649942add4c2bc5c39d07e16633c52df7c
ENEMY135.DAT	80652	4272802dc0760e259b7f54cd5bd50c01505dc11fc4c579cafc86f564b96ecb77
ENEMY136.DAT	80652	4272802dc0760e259b7f54cd5bd50c01505dc11fc4c579cafc86f564b96ecb77
ENEMY137.DAT	77964	0f7533b04723f7fcc95de86e1a2aef649942add4c2bc5c39d07e16633c52df7c
ENEMY138.DAT	84068	1cff891773edb69ad9c26feceb1f99fcabe002fae7024242122c9b622f08598c
ENEMY139.DAT	109816	a2acf5b4772e0628ac39332315486b0f8145bdbc4dd85660b858abfe171b7b62
ENEMY140.DAT	109816	a2acf5b4772e0628ac39332315486b0f8145bdbc4dd85660b858abfe171b7b62
ENEMY141.DAT	28384	36a933b9af7b2bb69e18c655b604255ddbc2c378effa28991278b1c2fe312d85
ENEMY142.DAT	49764	bcca089fa8e12d385d28b2bc82da187222ce87c17e4c59d5b9e242727c87e134
ENEMY143.DAT	912	677b8ff2f964071cc5ef1cd5c6f06c4198357088786ad6e6a62717277ebdfd4f
ENEMY144.DAT	912	677b8ff2f964071cc5ef1cd5c6f06c4198357088786ad6e6a62717277ebdfd4f
ENEMY145.DAT	117432	67ac89c6b7a0ff30a36449775ef69edf4388d90cbb442d3e359c63f8f511b288
ENEMY146.DAT	57156	46a490fdc94b780f1f53a804ec19e6edadb4d9cad37e7c87a99e0d0a984b3968
ENEMY147.DAT	912	677b8ff2f964071cc5ef1cd5c6f06c4198357088786ad6e6a62717277ebdfd4f
ENEMY148.DAT	912	677b8ff2f964071cc5ef1cd5c6f06c4198357088786ad6e6a62717277ebdfd4f
ENEMY149.DAT	912	677b8ff2f964071cc5ef1cd5c6f06c4198357088786ad6e6a62717277ebdfd4f
ENEMY150.DAT	912	677b8ff2f964071cc5ef1cd5c6f06c4198357088786ad6e6a62717277ebdfd4f
ENEMY151.DAT	912	677b8ff2f964071cc5ef1cd5c6f06c4198357088786ad6e6a62717277ebdfd4f
ENEMY152.DAT	912	677b8ff2f964071cc5ef1cd5c6f06c4198357088786ad6e6a62717277ebdfd4f
ENEMY153.DAT	912	677b8ff2f964071cc5ef1cd5c6f06c4198357088786ad6e6a62717277ebdfd4f
ENEMY154.DAT	912	677b8ff2f964071cc5ef1cd5c6f06c4198357088786ad6e6a62717277ebdfd4f
ENEMY155.DAT	912	677b8ff2f964071cc5ef1cd5c6f06c4198357088786ad6e6a62717277ebdfd4f
ENEMY156.DAT	912	677b8ff2f964071cc5ef1cd5c6f06c4198357088786ad6e6a62717277ebdfd4f
ENEMY157.DAT	912	677b8ff2f964071cc5ef1cd5c6f06c4198357088786ad6e6a62717277ebdfd4f
ENEMY158.DAT	912	677b8ff2f964071cc5ef1cd5c6f06c4198357088786ad6e6a62717277ebdfd4f
ENEMY159.DAT	912	677b8ff2f964071cc5ef1cd5c6f06c4198357088786ad6e6a62717277ebdfd4f
ENEMY160.DAT	912	677b8ff2f964071cc5ef1cd5c6f06c4198357088786ad6e6a62717277ebdfd4f
ENEMY161.DAT	912	677b8ff2f964071cc5ef1cd5c6f06c4198357088786ad6e6a62717277ebdfd4f
ENEMY162.DAT	912	677b8ff2f964071cc5ef1cd5c6f06c4198357088786ad6e6a62717277ebdfd4f
ENEMY163.DAT	912	677b8ff2f964071cc5ef1cd5c6f06c4198357088786ad6e6a62717277ebdfd4f
ENEMY164.DAT	912	677b8ff2f964071cc5ef1cd5c6f06c4198357088786ad6e6a62717277ebdfd4f
ENEMY165.DAT	912	677b8ff2f964071cc5ef1cd5c6f06c4198357088786ad6e6a62717277ebdfd4f
ENEMY166.DAT	912	677b8ff2f964071cc5ef1cd5c6f06c4198357088786ad6e6a62717277ebdfd4f
ENEMY167.DAT	86588	b557c2e5375d64bfa2454573bf556b5b4e4639a840e9c06c4415a21e6a661b7b
ENEMY168.DAT	86588	b557c2e5375d64bfa2454573bf556b5b4e4639a840e9c06c4415a21e6a661b7b
ENEMY169.DAT	86588	3826b9b06cee74951353b2d67279d32d23854c5b96f85fd16cf6c36b134699eb
ENEMY170.DAT	86588	3826b9b06cee74951353b2d67279d32d23854c5b96f85fd16cf6c36b134699eb
ENEMY171.DAT	82120	aa3ee686cfa4e90be25491bdd7dbccb02a800f1c41d6614b75e2e7a32f4399db
ENEMY172.DAT	52956	f0fcca3c007fd968d7d4dbee3cf246ac065ed8fa5960f4829d86d01acdea07a1
ENEMY173.DAT	82612	4b3ae1bffc7073fa72339a9e3d35b8d0c4bbf05dda86675a07b7e71764ec5de7
ENEMY174.DAT	912	677b8ff2f964071cc5ef1cd5c6f06c4198357088786ad6e6a62717277ebdfd4f
ENEMY175.DAT	912	677b8ff2f964071cc5ef1cd5c6f06c4198357088786ad6e6a62717277ebdfd4f
ENEMY176.DAT	912	677b8ff2f964071cc5ef1cd5c6f06c4198357088786ad6e6a62717277ebdfd4f
ENEMY177.DAT	912	677b8ff2f964071cc5ef1cd5c6f06c4198357088786ad6e6a62717277ebdfd4f
ENEMY178.DAT	912	677b8ff2f964071cc5ef1cd5c6f06c4198357088786ad6e6a62717277ebdfd4f
ENEMY179.DAT	912	677b8ff2f964071cc5ef1cd5c6f06c4198357088786ad6e6a62717277ebdfd4f
ENEMY180.DAT	912	677b8ff2f964071cc5ef1cd5c6f06c4198357088786ad6e6a62717277ebdfd4f
ENEMY181.DAT	912	677b8ff2f964071cc5ef1cd5c6f06c4198357088786ad6e6a62717277ebdfd4f
ENEMY182.DAT	912	677b8ff2f964071cc5ef1cd5c6f06c4198357088786ad6e6a62717277ebdfd4f
ENEMY183.DAT	912	677b8ff2f964071cc5ef1cd5c6f06c4198357088786ad6e6a62717277ebdfd4f
ENEMY184.DAT	912	677b8ff2f964071cc5ef1cd5c6f06c4198357088786ad6e6a62717277ebdfd4f
ENEMY185.DAT	912	677b8ff2f964071cc5ef1cd5c6f06c4198357088786ad6e6a62717277ebdfd4f
ENEMY186.DAT	912	677b8ff2f964071cc5ef1cd5c6f06c4198357088786ad6e6a62717277ebdfd4f
ENEMY187.DAT	912	677b8ff2f964071cc5ef1cd5c6f06c4198357088786ad6e6a62717277ebdfd4f
ENEMY188.DAT	23344	90129502d41060945daa93f0423cdf0b8d8cc6da2ca9967f13cb3b7d386b5bbf
ENEMY189.DAT	912	677b8ff2f964071cc5ef1cd5c6f06c4198357088786ad6e6a62717277ebdfd4f
ENEMY190.DAT	912	677b8ff2f964071cc5ef1cd5c6f06c4198357088786ad6e6a62717277ebdfd4f
ENEMY191.DAT	912	677b8ff2f964071cc5ef1cd5c6f06c4198357088786ad6e6a62717277ebdfd4f
ENEMY192.DAT	912	677b8ff2f964071cc5ef1cd5c6f06c4198357088786ad6e6a62717277ebdfd4f
ENEMY193.DAT	912	677b8ff2f964071cc5ef1cd5c6f06c4198357088786ad6e6a62717277ebdfd4f
ENEMY194.DAT	912	677b8ff2f964071cc5ef1cd5c6f06c4198357088786ad6e6a62717277ebdfd4f
ENEMY195.DAT	912	677b8ff2f964071cc5ef1cd5c6f06c4198357088786ad6e6a62717277ebdfd4f
ENEMY196.DAT	912	677b8ff2f964071cc5ef1cd5c6f06c4198357088786ad6e6a62717277ebdfd4f
ENEMY197.DAT	912	677b8ff2f964071cc5ef1cd5c6f06c4198357088786ad6e6a62717277ebdfd4f
ENEMY198.DAT	912	677b8ff2f964071cc5ef1cd5c6f06c4198357088786ad6e6a62717277ebdfd4f
ENEMY199.DAT	912	677b8ff2f964071cc5ef1cd5c6f06c4198357088786ad6e6a62717277ebdfd4f
FIRST.DAT	1176679	af8e83d00f6f5cc45423dc6ba982d29f7c4364c2e6e78d786e01f76eb1a5460d
KAIZAR_D.DAT	84636	f911b8584f1299953561033ff0b376599cfc165f8ed3e27405413ce8c0131923
KAIZAR_F.DAT	84636	4167288554d70fdc92c5e9f1465327fa57a6230bd42f671ae26a4150ec6d11ab
KAIZAR_N.DAT	84636	bf84eafc1db3722c0010ec53b3a8fef8aecc9a3719101b3719ae9e696f2d820e
MAGIC003.DAT	229916	f2334c807894593275df2f07237de9995c25eb7670fa42931eda9c663ea1fa5a
MAGIC004.DAT	281942	762523d2b4f1506603731a3ddab80d631096a7beecdea246b1d562b9da466893
MAGIC005.DAT	241812	dd55ac037b6e96aeeed8f180261e0e4a49fa709cd98875f412300534c0b89232
MAGIC006.DAT	281706	25690928880cb2ef82165b9311aa17753fc89c77335e4b97d51d9aa7377109e0
MAGIC008.DAT	33312	1ad348790dabf07c148c4b5be5be7a3b9aae0d1c75123e785cd36dc2db886bef
MAGIC009.DAT	105948	f85d0b99110cc99da7870dcab5e688c0f8013494fae4d07b6e39615131cbd006
MAGIC012.DAT	66080	969a783617cf02549e099ab67d8c56e7c2007005a2aeae54ccd191698836a506
MAGIC013.DAT	77164	740b00050dd1d15ad3b05bce6ac2510deed1d879f0de6a888469166f1e0860cf
MAGIC016.DAT	104108	1e6880536510518e5ce7b8585b59deb94fa1f9d5fa9827d2461ae4e90cf5cdc6
MAGIC017.DAT	72680	ff2e7c781f76628bba2d2a647ea3ba649c3a5b8881e9e4a7b3f98a95ed128159
MAGIC018.DAT	134392	5386f92783503bd2b5f29b43fe04fd4a64e17dd3b4fa933ea3def3f6ee9d074f
MAGIC019.DAT	135188	bb6ee6059f14f03a1c666b8d2c1d6fca3aef8b3ed0181f162a9801c3d91d8417
MAGIC020.DAT	193304	33a12c82f41c1f38c248086560de947a6aaa49d1f658d2114e4856d24259f68f
MAGIC021.DAT	65636	a69fdbaca5c4e820a82b1b17e0b6cf0147f33c7b4616a08c7f20126443fb94b7
MAGIC029.DAT	240926	f8622879d5be351377e7b85ac6f389d6ce27089e6c95e16a6718cf1bcd513f84
MAGIC038.DAT	350994	c9bd78c0c1ca268c17676a157bfb718764c0a289041e3a0efc871ed51092cc14
MAGIC039.DAT	168388	95b5aaddaffb988b39c4ae28d29ef6c99e8e08a8c51333a9be5a7109f77dc776
MAGIC040.DAT	225564	a8253120a96d7a79f5a238aee0df35d3ab5e6ee0921ee48032b66e77a944e80b
MAGIC041.DAT	136980	c0652603d03d5105e6863a39cbdf9b4eb56e174576433c54b8be58efb03f6a16
MAGIC042.DAT	119564	7a75f41f67e26d85e298e4f67b224461d727012f4ffa2377312c08c5a91de43f
MAGIC043.DAT	263924	eea3b601f6ae723b027623b1446d864ffa87c5ea2cbb8a8df195e6d6ac41d743
MAGIC044.DAT	164468	4c024d8849f6747dbefecc89d718337aa3e7ad522341bdc35b8017681e0f2b1a
MAGIC045.DAT	33392	499c2b71d425d64c6b5671992f97851e88a6707033d0d30c6efcb8540ab441df
MAGIC046.DAT	271708	3c4a3fe67b268fe34e6cad31de98e413e8c50841a74375aaab6d22a0efe6015c
MAGIC047.DAT	271708	0d40849fc0313c9aed7340cbc26bb5105994ed7171446ddd5c14f0e65ee7a3b8
MAGIC048.DAT	209500	e3f1c57c670ff7de2b6d014c0e8de343f73febc7db783d513ec6d05d666d0cd0
MAGIC049.DAT	238528	d8dcd028159c9faafc68547b87d2d4cf5d58f474f952ebaf8a9c8324e79714d6
MAGIC050.DAT	72636	98ead07d5cc0ee04b9a4ad01478a49c69ec559bfd2c77377a46660f0c8212195
MAGIC052.DAT	151584	132ee37d29abb5aeebfabbd5df3c0cc66dc66019aab5ad9243541b8c0ee77e70
MAGIC053.DAT	125162	b57eca96462770f84efa3cbdbe2f051d9512ce64626635a2dfff0dd4f9a9d6fe
MAGIC054.DAT	240580	5b85698c5305adb288652601f0b2a3314fd5cfe9016005997954e664e41685f7
MAGIC055.DAT	107740	77d319e73722d3a2294706cc350c6e40e7e2f9ec3e2446735bdc0cc90ddc102e
MAGIC056.DAT	158476	866aa7485db822eb443970a6460e8163d19b2d055fb4bb6ab039f8363f4e45f8
MAGIC057.DAT	266836	fd0a9b639c26ee47422ce9fde2a8a268c82f7de576c6726e2ed7ff6eba3e4ab6
MAGIC058.DAT	220812	75b09defc436c515c4ff1e4c7051abcb3d4367c28280bf9fb67b31b81c1d6b39
MAGIC059.DAT	299988	7c370e84ed652280e414fe877b189bf511734e6073c5a79c826e25e8196bafd9
MAGIC062.DAT	228632	6695a136ee99e2f91acb8efa9d9c4af37b7f5c550b9b712fa605e622270c4ee8
MAGIC063.DAT	231664	44910a0947b9073dc425d7d0dbe7c9dbd65ec322b954b63853befb39b005fca8
MAGIC064.DAT	286376	60afd66b598f2a56be0468669ba4655459e69b52a9a3973d5de340106164950f
MAGIC066.DAT	312764	5643c0708f3abe5a8329dbadb502b369ee9f3e973a8eaf33716ff29a46076572
MAGIC067.DAT	338236	b2847fad0834e149ab755aa3aa91e9b61dd4681c045855afa3a6f48b90b42307
MAGIC068.DAT	123416	3708c3df49610d537f308b05b4f823db807203e78959acbed77274b172173f0a
MAGIC069.DAT	320056	ed4c41fa09e0cf1b0db9b94b2f9003503f9c23ae5c0d392cd61cf176a53981f4
MAGIC070.DAT	231956	65ed8f124712e860f63972b068c875d63012a6cfa0f4afc3b27191e2529b4fca
MAGIC071.DAT	231956	7ada329ff02cc97373abc457bf0ceddfc18f5a12aed0c6f6567f25e5394e0aad
MAGIC072.DAT	231956	85bebab15d9e60a8df0cef2e414a94d9ef68d830ad943e08b1a54233cb7f0e00
MAGIC073.DAT	177188	e3ac9dc03c88adb6ef52ec676cdd3cdc49d9cfdf4ab164cd3429ec85c87b548c
MAGIC074.DAT	177188	e3ac9dc03c88adb6ef52ec676cdd3cdc49d9cfdf4ab164cd3429ec85c87b548c
MAGIC075.DAT	276976	8213f7bdb4e18b3bf46739d17f043d62650e878d23c48e531919c5516e298370
MAGIC076.DAT	333864	5831ba6d365c5275fa6db7f07338875c158ad3465007a19bf3743e3e2dac7086
MAGIC077.DAT	333864	b8a957df72ff1194b651b823cc9df3a25739103ea574e1bf6a4c11da6e63c12c
MAGIC078.DAT	265700	e7f14ce0b2831f0c05e9a19dd8fa5d2139b5fb8ee775b23a83231179f7d73b21
MAGIC079.DAT	217844	e6acdfe99a484b95ac41bf63e6cf36803e78b1b1e634aca3fd6336ece7877d9b
MAGIC081.DAT	258928	016dfb2f24477f4270f80d4252fd4c05989cd91220cc4e5960084939a9a3f26e
MAGIC082.DAT	228632	6695a136ee99e2f91acb8efa9d9c4af37b7f5c550b9b712fa605e622270c4ee8
MAGIC083.DAT	228632	9ef402110f9acab149f59455472fced9a03d824e9a6043ef4ed2f9f7a019da4f
MAGIC086.DAT	176796	957ae003994d8bcb444bc8135fc94c6f2e8406886e78a63803ba2aef010a6380
MAGIC087.DAT	214136	f08b4c0e39d9172e99bc278b434add00852a212a6509b78e8eccdae5c815c856
MAGIC088.DAT	308388	07e70c3dae664dd61639bbc41fe76828be3c91f284ad01d7abc4b3b572b0b607
MAGIC091.DAT	107740	77d319e73722d3a2294706cc350c6e40e7e2f9ec3e2446735bdc0cc90ddc102e
MAGIC092.DAT	151812	eed3ec0640f17f66407b539eeef4b2cf5a00bb6ac9719e1e60eee2ec14bbde31
MAGIC093.DAT	343440	ec8a724f18c782ac0146ffd570a1b6852281b41b8b5f0fac0720643c8fe88f8e
MAGIC094.DAT	122812	f01f1679225dc072d6b182cd5d216a302a1264c7fc9cb0e2eb2b2e99ba3656c9
MAGIC095.DAT	286700	9693dc838525216d2e3f43252fb7335cc0b8bc2c4af821cd0d2f25e3d2b0e03e
MAGIC096.DAT	284708	423e671dcdb609888f011ab0d1ac9d7b453d84ee7d91c81e64dfc749370c2f1d
MAGIC097.DAT	99796	dcd95134de98476c3c7d7176dc1f346973546a624c8d2fb5c4bea21039b66f81
MAGIC098.DAT	89660	a3433b80d5ad5beaff1e9e67032f889b3b4b50aa518022443cf7da9f120cbbbe
MAGIC099.DAT	266788	227c7bb08fbaf7d8bfc32c7171378cc96244fc9f32776e7bdce5281c419a8f28
MAGIC100.DAT	127224	2cd526d17ee3f83a933ead4adc7e206962f67b1e0889af11b35f9da692d902fe
MAGIC101.DAT	242192	965665ce4ea29a67de809b828d0801c1605c5123c87e0072c83980e9123ca93a
MAGIC102.DAT	253068	d1daf8dc8486f3058ce3dbd35661d5257c2a202eca1c66b86e062805aca75fe3
MAGIC103.DAT	158476	866aa7485db822eb443970a6460e8163d19b2d055fb4bb6ab039f8363f4e45f8
MAGIC104.DAT	138704	ed28ab56e29ad9e11131ae22ce4db54b3576d70fb6e836244e31e9d24af59a6e
MAGIC105.DAT	191620	3b8689d58ee522878a15370d94cf536cf2b2b4f47b9814aa33e4dff693dc51fd
MAGIC106.DAT	231664	cefe0469676edbfb02125b8508a07660a380c2dd0ae318601c74d52eb2a7c8ab
MAGIC107.DAT	257380	5ba0c9522b3ecb73be69594ad64ab9ad644c35659145b1395cb8d7f9bf00a93e
MAGIC108.DAT	181992	aa7e413ff423b0522ea2ed6c920c40d28bf11b6926d49fc36bd54c8fc443cdc8
MAGIC109.DAT	197180	24e0981401dc0003caec871d486fbb652f65edea31fa7d028a1073921301fbc7
MAGIC110.DAT	312458	da80144b2e28284d0c96a4a77b9c73d9154d1bb2b9a72efe42e9104745efaf4c
MAGIC111.DAT	223152	d8642324f697da23e9d5617382a7088791d85a293dfe747e5c0a726795a3a542
MAGIC113.DAT	294024	f03ca907e8d3a2d794b7c9f9688d80f67068d379dc3ec6289d284954efdfe926
MAGIC114.DAT	361824	4ed864d8fa59efe8b27c5da9a4eda467c69f8d7ad6649da4d5cefdec7f5ad793
MAGIC115.DAT	277336	f62eeb078d0e30cfe5253235393f6164bd8fdf41616f3e7d4741817d24682454
MAGIC116.DAT	141012	b2f98723655f4eb74f3df6f9bc9a3142665b1f02a89718ed9ba5e2123979653b
MAGIC118.DAT	107740	77d319e73722d3a2294706cc350c6e40e7e2f9ec3e2446735bdc0cc90ddc102e
MAGIC120.DAT	352476	166eab1d79171025cb538a733ea719416f53fde7fb96ecda88eb974048e057a5
MAGIC121.DAT	342888	b7b831c3ad60bc26bd961ad42cf7ed9d5106f236be727f042da2a4c5d3e7fd0e
MAGIC122.DAT	352476	166eab1d79171025cb538a733ea719416f53fde7fb96ecda88eb974048e057a5
MAGIC123.DAT	315224	0f4fba8251eef30f9d632cbc3ad7b229f40ba5d29bc473ccfa2911b0161cb334
MAGIC124.DAT	244276	5682018f2cea7f34e8795bc30d3ff61fef1c94c683d71337905f324a3adfb47e
MAGIC125.DAT	267840	0b2492940dc1877c9e22291b7ae8be6db153e767723e2bb223540d0c1c89c729
MAGIC126.DAT	289708	13915cfa8938c4f916a6930566ddb4b3d9a8135d33b119924def1ff058402ae4
MAGIC129.DAT	263708	4ee94838add47c3ef65422e6675cd6ea43d94562bca6d24b9596fd115dc4daf9
MAGIC130.DAT	321374	b585d7c546d40cb95a9f02ac6413e49c86be2358cf1e0f38fb936f586947090e
MAGIC131.DAT	316852	12dcebcc00ae9794d1da3033a1c1799c47ddae339bb5ef7aceef48ff18267b41
MAGIC132.DAT	286220	a312683ccf0b02268faf19324a37f3182ad17e728d08a10f7f36c764dbc9d565
MAGIC133.DAT	166998	f54e47e494f9985bf331b480f5277edec35411893731123d1a2de1acd4f8dc58
MAGIC134.DAT	164044	55ecf87e01558f3bf2f99706498e0204db8af4cfede2d2c407188abfc626f929
MAGIC135.DAT	181318	cd4a1e3d949a84f747dba9d299f109674d86d450770aae2668d3fd104e8b4541
MAGIC136.DAT	166398	6e1d020b2cd706798a7c1205c46fc6dfa3a7b84594b765bd2327a25c8317821e
MAGIC137.DAT	331636	f2c2e69329c6e60ae6d231f1aa5d3b7646163f8941810b3b8a81215f82014af0
MAGIC138.DAT	60564	d124bfc25e43647019e6b057571f96b98380898863c75afab7277b793cf8c496
MAGIC143.DAT	89660	a3433b80d5ad5beaff1e9e67032f889b3b4b50aa518022443cf7da9f120cbbbe
MAGIC144.DAT	151812	eed3ec0640f17f66407b539eeef4b2cf5a00bb6ac9719e1e60eee2ec14bbde31
MAGIC145.DAT	105948	f85d0b99110cc99da7870dcab5e688c0f8013494fae4d07b6e39615131cbd006
MAGIC146.DAT	105948	f85d0b99110cc99da7870dcab5e688c0f8013494fae4d07b6e39615131cbd006
MAGIC150.DAT	134504	5303caf25e6ec8f2f2acd60c18d136cddff7fe0d8d2c15a40b9032261a1219fa
MAGIC151.DAT	284280	6551c58c2c479dc18df1ddfafeca53fec5ddefbc755c9a15e0d2a1b14acb8df8
MAGIC154.DAT	121696	117d0ab2fd6acbbbf927a116c4c802803c6ae29ceca253336da2d705ff19c171
MAGIC156.DAT	162322	b52b4db6583399392e7f6bda2f1c4c2a70a85cfaa539e401a05d6a493b156365
MAGIC157.DAT	302352	d14b7fde0f0d7653d4863954bf93c0ace8dce05e9127836f66c3cbb2426b5f72
MAGIC158.DAT	200652	bed4a25bc38900bd55e3f9d14e845e5d77b13c3c7fbfe18fafbc2c48380e5748
MAGIC159.DAT	183052	3edd9f980a53f01523f630957e5636061f4970a6af4840fb4a410a3193de29fd
MAGIC161.DAT	86804	91b49cb785e0c8a5ce489984b40d14bb23223039beacea222f66ffc49bff4d42
MAGIC162.DAT	177188	e3ac9dc03c88adb6ef52ec676cdd3cdc49d9cfdf4ab164cd3429ec85c87b548c
MAGIC166.DAT	181276	b510ee091f5493f42ef539d1747bb41731ed506c5676803435aa38f42a49a143
MAGIC167.DAT	195320	7c09b1f3c7c9802ab112d8df404afed389002f4f42894ccec422a32f049071ab
MAGIC168.DAT	231956	85bebab15d9e60a8df0cef2e414a94d9ef68d830ad943e08b1a54233cb7f0e00
MAGIC169.DAT	333864	bedacc82909ca13e8e50d0a21427bf58cc281096cca0a7cb67afa850a39601c7
MAGIC172.DAT	235460	65521472a6be7408f4f60377e5761b27dd23c4d25901cd21f9c8492a88db79ca
MAGIC173.DAT	170458	4e2f3aeabbc01113f7f1c16f5e663756cc99f3a6a50db94548cdbce526277e26
MAGIC213.DAT	276976	8213f7bdb4e18b3bf46739d17f043d62650e878d23c48e531919c5516e298370
MAGIC218.DAT	336396	7894b079ace39485da6b581f33ed310eac5d9a23265ecf43710673d31d1c7795
MAGIC219.DAT	332568	676442ade8f5668507f1cd101da43f380cbfe6101e2af34963ed6b336cb0f444
MAGIC220.DAT	362762	2f40215a1ade851076c20a1cec376a28ecd01758aa16298511ba22b01168a97c
MAGIC221.DAT	362762	a6deb7a2b5cbf8de83579035c2735b3fc97f6dbc7f7fa8a5489530c392554636
MAGIC222.DAT	268148	269244e4f70d6fec0e5598a4b719f6cd751ef3f5f48e11e8d97eff2ac7d0e6e3
MAGIC223.DAT	196084	1b1237c764c1336862fd10b52017f151bea3cd619879aab04efc15ba082e0286
MAGIC225.DAT	315338	a82edd0bf520cfb419d3ef542937ce4aa0ae39a008a9f26e7e7a27c8f786edae
MAGIC226.DAT	294090	87cb0d89fcf98b71d61dd44b83a3d1f6d242252b85ef38fe33eb2b85d55a9e11
MAGIC227.DAT	294090	a450e5dc48b2d7c47a12209c535cc4aa46a28d31e90fd5f45b93793d385bd3d1
PAPYD00.DAT	84548	71d1af8e87ac79ec029c8ed6295cd9b054e3679fd55252e26de51f60bc386d9a
PAPYD01.DAT	84548	19ef485ff5099ceba66fa4cbcff309738189aaabe6f8587c5de24240dbc47698
PAPYD02.DAT	84548	3769c3d021d2b1b7f5db0123d5b814431e74ee26f36db278227fd344131aee1f
PAPYD03.DAT	84548	0559fb10895a8bfdb36ec9d4458a0e0551d3289fea9d84887d944daa18cec8c8
PAPYD04.DAT	84548	5da171eddf8bc3973b669957e49d668cd03cce34911413ff1b8a0a31e495eebb
PAPYU00.DAT	90152	1aab26214e875575d3070ea5503281aa3a2a9380876501ef3d62ebf84cd8ba5d
PAPYU01.DAT	90152	33d7ac9874e06dc4445913886f2fbc7cc55b95f156a0d53e127053e5949cd9eb
PAPYU02.DAT	90152	1e2aad8a592bbb7a02b705d40c56a871b7716142c3a45335c41a0aa869330f14
PAPYU03.DAT	90152	b31655595139e7ff7f872d1ebc61ab62e6f3c762f16a9bdeee156a86d9deb3ac
PAPYU04.DAT	90152	7636b93e1a2dd3a94a9abce60c8717e6136acbb79fd5980c3c0c6387c6396160
PL012.DAT	580228	64b635319b32769b9187ea50cb622a1c28023f65f4c0ec2a42231fd97a9b2beb
PL015.DAT	523112	dd312a170f27e18d4162aca2caad5696acd90492804102685d85a070b1cba601
PL016.DAT	439128	75f2d36a4079b6a60cd6dd47b7228c70d8b9172c699f939fe3a0bfe101ad58ae
PL025.DAT	622068	653d05aaef831794487b9a8d66842802dd741865f5e172ec582f29ea81c1bbd3
PL026.DAT	538084	6af337bbf4b80739f8ca98aa22c89ea1d81ca7be12fd1c85adec0edf1fdb7327
PL034.DAT	468356	b7980f567f5a7eea6176a5f74a8f016c4da75aa0624b78b3aafc704f73a382fb
PL056.DAT	480968	68bd81b9f6faf00d15eb44a3d448062b48110384a2181a1fa77441f548a7dbed
PL247.DAT	621548	3325932e8c192b4f4bdb2609fba2af710db49aa15f999abeb6183d5de8ce621c
PL257.DAT	620052	8266c466a25866b6f3bf54021e4f212f69fffc99a9ff30ffd94662fff04fba5a
PL267.DAT	536068	956387fdce4421fe8c631173743d88690ed4d819de9c49a8fa2c4710f8315b71
PL278.DAT	612636	d6af7feb517bc0d5b6a2c9712529913533fb6fa545dd80722e5a47c97129cc59
PL27A.DAT	529952	0119f9e0561ffd5e366818f855c16782016a696db9f30c74c37180b411d02c10
PL349.DAT	456860	fc29670bf74a85726573ef5a3ac4011ee073bcf981d1380867a72c389b73cdbb
PL457.DAT	558328	6b64dae7deabf1f2830909c187e23507ad9338625c0fbe4f1d2d42bdf0afc057
PL467.DAT	474344	92c0b7eba926cb9d0bd97d59506995fbb35ac47ae4a3a2b36763ce0a283f46dc
PL478.DAT	550912	f173b9b4b4b7c735eb5f13c028fcda9b2f054a2c59e02b1708fbadd96bc6fefc
PL567.DAT	478952	c099fc21a0e6086cfc03f14861e549ac724e1475ab09869d3f720bdd2516fa1f
PL578.DAT	555520	6726cd52e846a961f469064165bedeeb9cfd40092ae920b73cd4c3416bba5aaf
PL678.DAT	471536	b9e20aa691f8ff170c02fea3756f776429f1760efac450af99db711c26ec3c24
REID00.DAT	205136	3accca232c473f5b19b60f9497041a4766310d3cc0aa7216f3fb47bc63ff1cb9
REID01.DAT	205136	541702c8defcaeaaa65a7549b7051530359ee25a7af1ee7fcca81c29a1bfd67f
REIU00.DAT	205136	3f6111e6777c09371c36d099c977a0827b605befaa212f33d312838f1b2de2a1
REIU01.DAT	205136	68300d22ab81d4f8f1dfe79afdab353b743f3f0624d380a234638f2f63ac4bf9
RTD00.DAT	162108	2b338e4f8958b510ca5d30f145603d989018eb9cb6ceff00faedd1f1cac21934
RTD01.DAT	162108	e500125a44346ebecfc95b8064a09a6c8b0b3498a227153ca2199468deafba58
RTU00.DAT	162108	e40f8d2649f5dbac2f272deed22aad9cceec3312b779745d866b0c5efe187f1d
RTU01.DAT	162108	72e74015c4a3bc5838803be6d6b2d23b31d7c55ad152931bd780f9cb29d25ac5
RYUD00.DAT	211688	09d16857f332195ca690c00cdce0529e2548092b67d8aca77bd12fec7932addc
RYUD01.DAT	211688	2a1a7c4bcf4569469df57d705ddf3c9f673f1b3582b29750458350685fad4688
RYUD02.DAT	211688	71f53eb4a8c077c819d750e4c68583f7e804f72b96cbc5fb8182eefef2d61966
RYUD03.DAT	211688	2d6f2a39a6599666b17e491fef98ed4f41e988dab82196f42c19e1503c5dc1be
RYUD10.DAT	162356	e92cc9df056e4bc9e9f05e4971692eaab37eea34fab819bbf58278a342a9d511
RYUD11.DAT	162356	5c68090f3a41983610fb4c10d47880c425454045d6d09f013f0b987f55aa4908
RYUD12.DAT	162356	12ed16bc948e415876af9f151731f77029943b7c48e00638c17f91e32f6b60cb
RYUD13.DAT	162356	d2432047dd6f7f19ce050ca507eb82dc85d042be04a8e85eb329363351f2f149
RYUU00.DAT	211688	0fd7c4b8c03dd37eaeee97fd706b78b2fa6c0f1d27a59b5858b0e732ac56bb30
RYUU01.DAT	211688	26be822af8fc1c41f2575af98c6b28ae346fa2d80cde466440748a764d95b380
RYUU02.DAT	211688	964fc5d760a772bee804c2504ee1c7ef167e224e6df2a402c865998d03bb7d40
RYUU03.DAT	211688	a3f823bf348416a6667c9e31f868a6943d4137a46e7d8375ba29341fd11b2e08
RYUU10.DAT	158576	1866e224f9aeb1281e268a56d85326451ab5906ac2b8281d4e074a231f1f3231
RYUU11.DAT	158576	bacf9dff5bd090ba2879432040a507730d08111dbe13642df6869f7400856116
RYUU12.DAT	158576	5bb7a07b66979e17ca52c34327eaa7380d6cfee8d3fe95b1114bc86ea74892c9
RYUU13.DAT	158576	69f21b83248834e8ef3fda28e079891c4584f76767f455761d0d10383400f23d
SCENA17.DAT	99392	332e022e094a1d46e4607f822acf6554bfe2c3b4deeaf9530dd56ef50256977d
SHISU.DAT	291652	fdf129fc656d9ef7f60e9aa711a4ef7df970c60bd19c0484a83b5c78fd324973
SHOP.DAT	291652	fdf129fc656d9ef7f60e9aa711a4ef7df970c60bd19c0484a83b5c78fd324973
SISYOU.DAT	291652	fdf129fc656d9ef7f60e9aa711a4ef7df970c60bd19c0484a83b5c78fd324973
START.DAT	716768	e4d461c76489696100612c553e56314a35efac975051532c9db940bc10be5403
STATUS.DAT	291652	fdf129fc656d9ef7f60e9aa711a4ef7df970c60bd19c0484a83b5c78fd324973
