BIN/BATTLE/BATL_DRA.EMI	71680	35eedca11124ea99477d451d639ea2f1c132303b9191b59050f7a20ecffb856f
BIN/BATTLE/BATL_END.EMI	81920	5126cf5c1361afd2d21d5a2059bbdf7f1b501fe1357640916907e888ea693cb8
BIN/BATTLE/BATL_OVR.EMI	73728	657ca13a1765cfc6ccab5f23ab9adf248f054f19367b7f5aa77de1251896f63d
BIN/BATTLE/BATL_RE2.EMI	36864	442d2e5178205b93dc9e6e6f59abf4398bcc65bfa4b06a9e6b10774b010af676
BIN/BATTLE/BATL_RET.EMI	100352	089327b1a09781659d9003a636297113d8bc137c25c4f2f4309719d498996ab1
BIN/BATTLE/BATL_SE.EMI	63488	26ddcccff9609e15331d84c0303848a1dd2e3f0eaddc2947b0b2640b8668ae21
BIN/BATTLE/BATTLE.EMI	696320	641dc362e9e8263efdc90ef7ff1b6dff9e288ff5c8878e9dcbda12550eabbfda
BIN/BATTLE/BATTLE2.EMI	696320	641dc362e9e8263efdc90ef7ff1b6dff9e288ff5c8878e9dcbda12550eabbfda
BIN/BATTLE/COMN_SE.EMI	106496	c6a7be81d3a20e209cf7dbd0e38f83243cc20ceeb7ee57e3c2a73504c793b789
BIN/BENEMY/ENEMY000.EMI	16384	d6789f8db36ed920390641a237f4e1e120a72cb62147543a07ee501b9b135e7d
BIN/BENEMY/ENEMY001.EMI	16384	d6789f8db36ed920390641a237f4e1e120a72cb62147543a07ee501b9b135e7d
BIN/BENEMY/ENEMY002.EMI	16384	d6789f8db36ed920390641a237f4e1e120a72cb62147543a07ee501b9b135e7d
BIN/BENEMY/ENEMY003.EMI	45056	8f51ea8a79a09081dbe49435bc5c7ec8cd0fa091626024691eb5c0b537330f6a
BIN/BENEMY/ENEMY004.EMI	16384	821c30ed6886ef9ede31b7b2c072cf2bd2c62ddaa8256740b394d69ea67b847c
BIN/BENEMY/ENEMY005.EMI	45056	8f51ea8a79a09081dbe49435bc5c7ec8cd0fa091626024691eb5c0b537330f6a
BIN/BENEMY/ENEMY006.EMI	45056	8f51ea8a79a09081dbe49435bc5c7ec8cd0fa091626024691eb5c0b537330f6a
BIN/BENEMY/ENEMY007.EMI	16384	821c30ed6886ef9ede31b7b2c072cf2bd2c62ddaa8256740b394d69ea67b847c
BIN/BENEMY/ENEMY008.EMI	45056	8f51ea8a79a09081dbe49435bc5c7ec8cd0fa091626024691eb5c0b537330f6a
BIN/BENEMY/ENEMY009.EMI	45056	8f51ea8a79a09081dbe49435bc5c7ec8cd0fa091626024691eb5c0b537330f6a
BIN/BENEMY/ENEMY010.EMI	45056	8f51ea8a79a09081dbe49435bc5c7ec8cd0fa091626024691eb5c0b537330f6a
BIN/BENEMY/ENEMY011.EMI	16384	821c30ed6886ef9ede31b7b2c072cf2bd2c62ddaa8256740b394d69ea67b847c
BIN/BENEMY/ENEMY012.EMI	45056	8f51ea8a79a09081dbe49435bc5c7ec8cd0fa091626024691eb5c0b537330f6a
BIN/BENEMY/ENEMY013.EMI	16384	821c30ed6886ef9ede31b7b2c072cf2bd2c62ddaa8256740b394d69ea67b847c
BIN/BENEMY/ENEMY014.EMI	16384	821c30ed6886ef9ede31b7b2c072cf2bd2c62ddaa8256740b394d69ea67b847c
BIN/BENEMY/ENEMY015.EMI	40960	7696d435d623e1b68c44badc88d49c7fdd84937c776115ac9cdeadb976072ccb
BIN/BENEMY/ENEMY016.EMI	16384	9f6a4ca5c43253af362a4dccf13508c2e0754b31444d3a6dec369339bfb43009
BIN/BENEMY/ENEMY017.EMI	16384	9f6a4ca5c43253af362a4dccf13508c2e0754b31444d3a6dec369339bfb43009
BIN/BENEMY/ENEMY018.EMI	45056	8f51ea8a79a09081dbe49435bc5c7ec8cd0fa091626024691eb5c0b537330f6a
BIN/BENEMY/ENEMY019.EMI	45056	8f51ea8a79a09081dbe49435bc5c7ec8cd0fa091626024691eb5c0b537330f6a
BIN/BENEMY/ENEMY020.EMI	49152	7d2d6abe988afb2db6fb2d5d412ab0f7299838430bdb2e7928ab3a6fbe822ebf
BIN/BENEMY/ENEMY021.EMI	16384	83f15f74b903d6bc15d6fa6601ad046ee9d64c7e258bece2cc48968916995632
BIN/BENEMY/ENEMY022.EMI	30720	0dbca3bee7f368e95ade32ce1da1647ea58f482682cb85866a0446e9f0d11e9d
BIN/BENEMY/ENEMY023.EMI	38912	9f250cca335c2922f86f749b364a4ff1e7e29faea26e7ebd3b4b1bcbae354f59
BIN/BENEMY/ENEMY024.EMI	16384	c8a30d5b6866bb7f6c1b87da8a1deb31cbd72e5df136651b1f92b25a3e12749a
BIN/BENEMY/ENEMY025.EMI	16384	c8a30d5b6866bb7f6c1b87da8a1deb31cbd72e5df136651b1f92b25a3e12749a
BIN/BENEMY/ENEMY026.EMI	16384	c8a30d5b6866bb7f6c1b87da8a1deb31cbd72e5df136651b1f92b25a3e12749a
BIN/BENEMY/ENEMY027.EMI	30720	cbf69a9c45fe60ce661cd80ee130d17c59ab95ab8ca8966325467b38f4febb59
BIN/BENEMY/ENEMY028.EMI	28672	6568d83c8bd4c491585b237b6d18de191880c4b460e1a40be87aca262a795cca
BIN/BENEMY/ENEMY029.EMI	49152	7d2d6abe988afb2db6fb2d5d412ab0f7299838430bdb2e7928ab3a6fbe822ebf
BIN/BENEMY/ENEMY030.EMI	16384	83f15f74b903d6bc15d6fa6601ad046ee9d64c7e258bece2cc48968916995632
BIN/BENEMY/ENEMY031.EMI	16384	83f15f74b903d6bc15d6fa6601ad046ee9d64c7e258bece2cc48968916995632
BIN/BENEMY/ENEMY032.EMI	16384	83f15f74b903d6bc15d6fa6601ad046ee9d64c7e258bece2cc48968916995632
BIN/BENEMY/ENEMY033.EMI	16384	83f15f74b903d6bc15d6fa6601ad046ee9d64c7e258bece2cc48968916995632
BIN/BENEMY/ENEMY034.EMI	16384	83f15f74b903d6bc15d6fa6601ad046ee9d64c7e258bece2cc48968916995632
BIN/BENEMY/ENEMY035.EMI	32768	53be20c6827565a461bb9e177aafda333647e953771d1ce63c562d946491ffdc
BIN/BENEMY/ENEMY036.EMI	16384	b4fb77a319f0e3551e20110505c2b577263f38268a87d7d1e8387d7e39b7b906
BIN/BENEMY/ENEMY037.EMI	16384	b4fb77a319f0e3551e20110505c2b577263f38268a87d7d1e8387d7e39b7b906
BIN/BENEMY/ENEMY038.EMI	16384	b4fb77a319f0e3551e20110505c2b577263f38268a87d7d1e8387d7e39b7b906
BIN/BENEMY/ENEMY039.EMI	16384	b4fb77a319f0e3551e20110505c2b577263f38268a87d7d1e8387d7e39b7b906
BIN/BENEMY/ENEMY040.EMI	47104	98ad0826c32ae06c667cc66bbc58c1379c12177f0167a7189f908f58aa826fb0
BIN/BENEMY/ENEMY041.EMI	16384	b4fb77a319f0e3551e20110505c2b577263f38268a87d7d1e8387d7e39b7b906
BIN/BENEMY/ENEMY042.EMI	36864	a2f6593610d17d51166862acd4d32d7333189f6c89e94c1becc3254dc47b0ecd
BIN/BENEMY/ENEMY043.EMI	16384	b4fb77a319f0e3551e20110505c2b577263f38268a87d7d1e8387d7e39b7b906
BIN/BENEMY/ENEMY044.EMI	49152	6d7a54afcb523990d1817f805eec29a8d1bf70adda56925c3fe0a9c6f25c198a
BIN/BENEMY/ENEMY045.EMI	16384	b4fb77a319f0e3551e20110505c2b577263f38268a87d7d1e8387d7e39b7b906
BIN/BENEMY/ENEMY046.EMI	16384	b4fb77a319f0e3551e20110505c2b577263f38268a87d7d1e8387d7e39b7b906
BIN/BENEMY/ENEMY047.EMI	16384	b4fb77a319f0e3551e20110505c2b577263f38268a87d7d1e8387d7e39b7b906
BIN/BENEMY/ENEMY048.EMI	49152	6d7a54afcb523990d1817f805eec29a8d1bf70adda56925c3fe0a9c6f25c198a
BIN/BENEMY/ENEMY049.EMI	16384	b4fb77a319f0e3551e20110505c2b577263f38268a87d7d1e8387d7e39b7b906
BIN/BENEMY/ENEMY050.EMI	16384	b4fb77a319f0e3551e20110505c2b577263f38268a87d7d1e8387d7e39b7b906
BIN/BENEMY/ENEMY051.EMI	32768	6b1a846ac427c28b81f7f6f61cfe4c0a71d1e8a51f0d0763577c2a91b30cff13
BIN/BENEMY/ENEMY052.EMI	40960	9f7a9d1a38835e5f2fcffeca766e3faaba24604e066e593ac709d64b921f4e34
BIN/BENEMY/ENEMY053.EMI	16384	b4fb77a319f0e3551e20110505c2b577263f38268a87d7d1e8387d7e39b7b906
BIN/BENEMY/ENEMY054.EMI	45056	b2fca7d5280bd96ccbac603f5633ceae06dc68a1a64b01c913a4c197cc220521
BIN/BENEMY/ENEMY055.EMI	16384	b4fb77a319f0e3551e20110505c2b577263f38268a87d7d1e8387d7e39b7b906
BIN/BENEMY/ENEMY056.EMI	45056	d9a8568ea185bc7b4e82e0b7aab78f49519db88888abe841c314376a44744ebc
BIN/BENEMY/ENEMY057.EMI	16384	b4fb77a319f0e3551e20110505c2b577263f38268a87d7d1e8387d7e39b7b906
BIN/BENEMY/ENEMY058.EMI	16384	b4fb77a319f0e3551e20110505c2b577263f38268a87d7d1e8387d7e39b7b906
BIN/BENEMY/ENEMY059.EMI	16384	b4fb77a319f0e3551e20110505c2b577263f38268a87d7d1e8387d7e39b7b906
BIN/BENEMY/ENEMY060.EMI	16384	b4fb77a319f0e3551e20110505c2b577263f38268a87d7d1e8387d7e39b7b906
BIN/BENEMY/ENEMY061.EMI	16384	b4fb77a319f0e3551e20110505c2b577263f38268a87d7d1e8387d7e39b7b906
BIN/BENEMY/ENEMY062.EMI	16384	b4fb77a319f0e3551e20110505c2b577263f38268a87d7d1e8387d7e39b7b906
BIN/BENEMY/ENEMY063.EMI	45056	09386bf65833d80fcc1de0809598f0ddc487324712654068026d42ea0196d4fa
BIN/BENEMY/ENEMY064.EMI	43008	e355e023f974df237aa91195bf014e6c6cc835ae5b359b151185587a5cabdd73
BIN/BENEMY/ENEMY065.EMI	16384	b4fb77a319f0e3551e20110505c2b577263f38268a87d7d1e8387d7e39b7b906
BIN/BENEMY/ENEMY066.EMI	16384	b4fb77a319f0e3551e20110505c2b577263f38268a87d7d1e8387d7e39b7b906
BIN/BENEMY/ENEMY067.EMI	16384	b4fb77a319f0e3551e20110505c2b577263f38268a87d7d1e8387d7e39b7b906
BIN/BENEMY/ENEMY068.EMI	16384	b4fb77a319f0e3551e20110505c2b577263f38268a87d7d1e8387d7e39b7b906
BIN/BENEMY/ENEMY069.EMI	36864	adccab407d771e12ae367c1c984909ddd2020933114768c562353bb3a2016023
BIN/BENEMY/ENEMY070.EMI	43008	3c924423c0a2ab23aa28fc986cbcc39bca0a00fb20bdf463dddeccaf77551b40
BIN/BENEMY/ENEMY071.EMI	38912	d10d1c6e9798ef86ed4a42b6023af34785a147a07edce6c6e09771bbcd2b7d08
BIN/BENEMY/ENEMY072.EMI	43008	b7e0ad4f9bc2f0e47453b7286bf806199d7289cec2f31631cfe334ba52ec51ac
BIN/BENEMY/ENEMY073.EMI	43008	e26abd4c05f837a5d8dfe8e67d9de83947dd30fd3a063e8685a1e85319a31b24
BIN/BENEMY/ENEMY074.EMI	16384	b4fb77a319f0e3551e20110505c2b577263f38268a87d7d1e8387d7e39b7b906
BIN/BENEMY/ENEMY075.EMI	16384	b4fb77a319f0e3551e20110505c2b577263f38268a87d7d1e8387d7e39b7b906
BIN/BENEMY/ENEMY076.EMI	45056	9294cc7045aa50d38cb8073c0a4c062b3fbfeec08936cc35f2e2bd0f70a161e9
BIN/BENEMY/ENEMY077.EMI	32768	a0bbcdb73af97b93ee69c667af5e819ad31fc505beba9fd9bb87706410093d03
BIN/BENEMY/ENEMY078.EMI	16384	b4fb77a319f0e3551e20110505c2b577263f38268a87d7d1e8387d7e39b7b906
BIN/BENEMY/ENEMY079.EMI	16384	b4fb77a319f0e3551e20110505c2b577263f38268a87d7d1e8387d7e39b7b906
BIN/BENEMY/ENEMY080.EMI	16384	b4fb77a319f0e3551e20110505c2b577263f38268a87d7d1e8387d7e39b7b906
BIN/BENEMY/ENEMY081.EMI	16384	b4fb77a319f0e3551e20110505c2b577263f38268a87d7d1e8387d7e39b7b906
BIN/BENEMY/ENEMY082.EMI	30720	f6597626a40ad686cb34b15deda78a17c6ff165814169aff0de0b69a4c5ca860
BIN/BENEMY/ENEMY083.EMI	34816	761ef3d15fa11faeaa77e244ad4fe7c42a16e02d3d2a0693d707dc1564d38920
BIN/BENEMY/ENEMY084.EMI	30720	f978c330ba563dacbb3b59a427cdfff8a1ec8828b69a6a86dd8c7ab3a8837c13
BIN/BENEMY/ENEMY085.EMI	16384	b4fb77a319f0e3551e20110505c2b577263f38268a87d7d1e8387d7e39b7b906
BIN/BENEMY/ENEMY086.EMI	26624	39bb7823f371000bb056c770c3de9d5a7e4a864aa1ca0b2d5f40eb169a995334
BIN/BENEMY/ENEMY087.EMI	16384	b4fb77a319f0e3551e20110505c2b577263f38268a87d7d1e8387d7e39b7b906
BIN/BENEMY/ENEMY088.EMI	16384	b4fb77a319f0e3551e20110505c2b577263f38268a87d7d1e8387d7e39b7b906
BIN/BENEMY/ENEMY089.EMI	16384	b4fb77a319f0e3551e20110505c2b577263f38268a87d7d1e8387d7e39b7b906
BIN/BENEMY/ENEMY090.EMI	16384	b4fb77a319f0e3551e20110505c2b577263f38268a87d7d1e8387d7e39b7b906
BIN/BENEMY/ENEMY091.EMI	40960	01d6abb7b34112787fca1e1fe14d01f3b0baa21f516fa9ce275bbf292d9258ad
BIN/BENEMY/ENEMY092.EMI	16384	b4fb77a319f0e3551e20110505c2b577263f38268a87d7d1e8387d7e39b7b906
BIN/BENEMY/ENEMY093.EMI	16384	b4fb77a319f0e3551e20110505c2b577263f38268a87d7d1e8387d7e39b7b906
BIN/BENEMY/ENEMY094.EMI	16384	b4fb77a319f0e3551e20110505c2b577263f38268a87d7d1e8387d7e39b7b906
BIN/BENEMY/ENEMY095.EMI	45056	dbddcf21e493c285419e5c453c1fd1715589c5329145157cd5165c1914b3965a
BIN/BENEMY/ENEMY096.EMI	45056	dbddcf21e493c285419e5c453c1fd1715589c5329145157cd5165c1914b3965a
BIN/BENEMY/ENEMY097.EMI	16384	60bd672b2ab3a58a3c7b54dd15d0da872aaadbcc8520bbc28babd55ab5257d15
BIN/BENEMY/ENEMY098.EMI	16384	60bd672b2ab3a58a3c7b54dd15d0da872aaadbcc8520bbc28babd55ab5257d15
BIN/BENEMY/ENEMY099.EMI	30720	e10128b2a538b03d7b9f51811634630ba33ba439498df52165939b0f4970d203
BIN/BENEMY/ENEMY100.EMI	16384	60bd672b2ab3a58a3c7b54dd15d0da872aaadbcc8520bbc28babd55ab5257d15
BIN/BENEMY/ENEMY101.EMI	16384	60bd672b2ab3a58a3c7b54dd15d0da872aaadbcc8520bbc28babd55ab5257d15
BIN/BENEMY/ENEMY102.EMI	38912	52945ee5e88d23bae65a00e56595c0c82d3f997bdcc08baa2b65d76b38aabf58
BIN/BENEMY/ENEMY103.EMI	32768	3ce1257da7fadb7d44059efaa46e09656fec015e119215b0e944e5e7729c37d6
BIN/BENEMY/ENEMY104.EMI	16384	60bd672b2ab3a58a3c7b54dd15d0da872aaadbcc8520bbc28babd55ab5257d15
BIN/BENEMY/ENEMY105.EMI	40960	339cedb675d359f4e4bf82ade1c5e2cf9ca28cd0c43695357fa77af017016333
BIN/BENEMY/ENEMY106.EMI	40960	339cedb675d359f4e4bf82ade1c5e2cf9ca28cd0c43695357fa77af017016333
BIN/BENEMY/ENEMY107.EMI	40960	339cedb675d359f4e4bf82ade1c5e2cf9ca28cd0c43695357fa77af017016333
BIN/BENEMY/ENEMY108.EMI	40960	0cd453401e4255c1fd681b73418568d67d7181ec9abea038c8ae390dcf20086d
BIN/BENEMY/ENEMY109.EMI	40960	f229b5b2de52a36a47da042806b27bb7375d6bc1d7208531e17da8ea5f5d4108
BIN/BENEMY/ENEMY110.EMI	40960	675d60c21aaa45d4d0c509cb9b9343cf78f64ab9ee244bb9f4c54d6c31d4a434
BIN/BENEMY/ENEMY111.EMI	36864	9379cbab08508f5ea86ab2ab570b20dc68dc37a4124f9e80fa395be767a02017
BIN/BENEMY/ENEMY112.EMI	36864	9379cbab08508f5ea86ab2ab570b20dc68dc37a4124f9e80fa395be767a02017
BIN/BENEMY/ENEMY113.EMI	16384	83987197f3d946686779ac2ef00d7058c63df592d808a09a15611b78a3d88dc7
BIN/BENEMY/ENEMY114.EMI	16384	83987197f3d946686779ac2ef00d7058c63df592d808a09a15611b78a3d88dc7
BIN/BENEMY/ENEMY115.EMI	16384	83987197f3d946686779ac2ef00d7058c63df592d808a09a15611b78a3d88dc7
BIN/BENEMY/ENEMY116.EMI	16384	83987197f3d946686779ac2ef00d7058c63df592d808a09a15611b78a3d88dc7
BIN/BENEMY/ENEMY117.EMI	34816	045726d860576ba31a65c594c2d05d118728d525bbc495021ef1f366870ad5cb
BIN/BENEMY/ENEMY118.EMI	34816	045726d860576ba31a65c594c2d05d118728d525bbc495021ef1f366870ad5cb
BIN/BENEMY/ENEMY119.EMI	32768	a0b63ec888dcd419036ba844c880ff02c8b0ffeaf3cd2a3c51754ba3c0e61b4d
BIN/BENEMY/ENEMY120.EMI	16384	83987197f3d946686779ac2ef00d7058c63df592d808a09a15611b78a3d88dc7
BIN/BENEMY/ENEMY121.EMI	16384	83987197f3d946686779ac2ef00d7058c63df592d808a09a15611b78a3d88dc7
BIN/BENEMY/ENEMY122.EMI	16384	83987197f3d946686779ac2ef00d7058c63df592d808a09a15611b78a3d88dc7
BIN/BENEMY/ENEMY123.EMI	16384	83987197f3d946686779ac2ef00d7058c63df592d808a09a15611b78a3d88dc7
BIN/BENEMY/ENEMY124.EMI	40960	c7e1613d1f4b6a321a3cdb7cfcfce559005c2bdcba4cea42d145963250edecf0
BIN/BENEMY/ENEMY125.EMI	38912	87dc0997caca1b0bb36fbeae8c2a6cc93909d7277ccac14c39faeb880144e03b
BIN/BENEMY/ENEMY126.EMI	16384	b4fb77a319f0e3551e20110505c2b577263f38268a87d7d1e8387d7e39b7b906
BIN/BENEMY/ENEMY127.EMI	36864	baa1b826a9e6de8f697dc3e57d06169e815b1e58373c12523bc0e5606b67caab
BIN/BENEMY/ENEMY128.EMI	16384	b4fb77a319f0e3551e20110505c2b577263f38268a87d7d1e8387d7e39b7b906
BIN/BENEMY/ENEMY129.EMI	16384	b4fb77a319f0e3551e20110505c2b577263f38268a87d7d1e8387d7e39b7b906
BIN/BENEMY/ENEMY130.EMI	16384	b4fb77a319f0e3551e20110505c2b577263f38268a87d7d1e8387d7e39b7b906
BIN/BENEMY/ENEMY131.EMI	16384	b4fb77a319f0e3551e20110505c2b577263f38268a87d7d1e8387d7e39b7b906
BIN/BENEMY/ENEMY132.EMI	16384	b4fb77a319f0e3551e20110505c2b577263f38268a87d7d1e8387d7e39b7b906
BIN/BENEMY/ENEMY133.EMI	16384	b4fb77a319f0e3551e20110505c2b577263f38268a87d7d1e8387d7e39b7b906
BIN/BENEMY/ENEMY134.EMI	36864	2e9bac23833793deef48b35a310da4b17945fcc84844d1dbdaaa38291fccde97
BIN/BENEMY/ENEMY135.EMI	36864	93542c677c705dcdbdc6e9fc50d44f2611d7060daff23d60c2e39417f44115c0
BIN/BENEMY/ENEMY136.EMI	36864	93542c677c705dcdbdc6e9fc50d44f2611d7060daff23d60c2e39417f44115c0
BIN/BENEMY/ENEMY137.EMI	36864	2e9bac23833793deef48b35a310da4b17945fcc84844d1dbdaaa38291fccde97
BIN/BENEMY/ENEMY138.EMI	38912	48be66b5b1bf5744ac9021c552b657e7192ae3aa9b524808028d647952077c58
BIN/BENEMY/ENEMY139.EMI	47104	7aa713390dd65e03e2035ffb0a346b8a3e82fe16a832859e1849af155dd17a1d
BIN/BENEMY/ENEMY140.EMI	47104	7aa713390dd65e03e2035ffb0a346b8a3e82fe16a832859e1849af155dd17a1d
BIN/BENEMY/ENEMY141.EMI	22528	685e089b90db7446fa89e8a08d9ee0d6d9365564def8a60440f435c7e1c07e4b
BIN/BENEMY/ENEMY142.EMI	28672	457bfd06aa95a50273472bf68232f29a2615fa237223d0aa730184dd4fbf60d4
BIN/BENEMY/ENEMY143.EMI	16384	a4931a5de2dfa090097b4f5cbde0450e303c4a20a0999b569dac28444202ebda
BIN/BENEMY/ENEMY144.EMI	16384	a4931a5de2dfa090097b4f5cbde0450e303c4a20a0999b569dac28444202ebda
BIN/BENEMY/ENEMY145.EMI	47104	f0db8bee5d1bfacceab3de27b6ba7b7919599f61332849b3da2e448f85d31c20
BIN/BENEMY/ENEMY146.EMI	30720	5cb2a7f2d81bf1d3a35e21748501fbeb7f56d75302de124524d9c23b8cfb5af4
BIN/BENEMY/ENEMY147.EMI	16384	8d6a055954fa4748edbe54f7bf3eed35fbcc961723acc444a822813331836029
BIN/BENEMY/ENEMY148.EMI	16384	8d6a055954fa4748edbe54f7bf3eed35fbcc961723acc444a822813331836029
BIN/BENEMY/ENEMY149.EMI	16384	8d6a055954fa4748edbe54f7bf3eed35fbcc961723acc444a822813331836029
BIN/BENEMY/ENEMY150.EMI	16384	8d6a055954fa4748edbe54f7bf3eed35fbcc961723acc444a822813331836029
BIN/BENEMY/ENEMY151.EMI	16384	8d6a055954fa4748edbe54f7bf3eed35fbcc961723acc444a822813331836029
BIN/BENEMY/ENEMY152.EMI	16384	8d6a055954fa4748edbe54f7bf3eed35fbcc961723acc444a822813331836029
BIN/BENEMY/ENEMY153.EMI	16384	8d6a055954fa4748edbe54f7bf3eed35fbcc961723acc444a822813331836029
BIN/BENEMY/ENEMY154.EMI	16384	8d6a055954fa4748edbe54f7bf3eed35fbcc961723acc444a822813331836029
BIN/BENEMY/ENEMY155.EMI	16384	8d6a055954fa4748edbe54f7bf3eed35fbcc961723acc444a822813331836029
BIN/BENEMY/ENEMY156.EMI	16384	8d6a055954fa4748edbe54f7bf3eed35fbcc961723acc444a822813331836029
BIN/BENEMY/ENEMY157.EMI	16384	8d6a055954fa4748edbe54f7bf3eed35fbcc961723acc444a822813331836029
BIN/BENEMY/ENEMY158.EMI	16384	8d6a055954fa4748edbe54f7bf3eed35fbcc961723acc444a822813331836029
BIN/BENEMY/ENEMY159.EMI	16384	8d6a055954fa4748edbe54f7bf3eed35fbcc961723acc444a822813331836029
BIN/BENEMY/ENEMY160.EMI	16384	8d6a055954fa4748edbe54f7bf3eed35fbcc961723acc444a822813331836029
BIN/BENEMY/ENEMY161.EMI	16384	8d6a055954fa4748edbe54f7bf3eed35fbcc961723acc444a822813331836029
BIN/BENEMY/ENEMY162.EMI	16384	8d6a055954fa4748edbe54f7bf3eed35fbcc961723acc444a822813331836029
BIN/BENEMY/ENEMY163.EMI	16384	8d6a055954fa4748edbe54f7bf3eed35fbcc961723acc444a822813331836029
BIN/BENEMY/ENEMY164.EMI	16384	8d6a055954fa4748edbe54f7bf3eed35fbcc961723acc444a822813331836029
BIN/BENEMY/ENEMY165.EMI	16384	8d6a055954fa4748edbe54f7bf3eed35fbcc961723acc444a822813331836029
BIN/BENEMY/ENEMY166.EMI	16384	8d6a055954fa4748edbe54f7bf3eed35fbcc961723acc444a822813331836029
BIN/BENEMY/ENEMY167.EMI	38912	0d8f3872dd2b582e5340ff52523a835e4d6f0c0a8a1dda36cf8bbd2ff2597642
BIN/BENEMY/ENEMY168.EMI	38912	0d8f3872dd2b582e5340ff52523a835e4d6f0c0a8a1dda36cf8bbd2ff2597642
BIN/BENEMY/ENEMY169.EMI	38912	e743abbdd1781514f9fb5fee74c5ad8e491350d73de58120c29467ecfcb8e3e1
BIN/BENEMY/ENEMY170.EMI	38912	e743abbdd1781514f9fb5fee74c5ad8e491350d73de58120c29467ecfcb8e3e1
BIN/BENEMY/ENEMY171.EMI	38912	75e3e0465622cc3badf87e39572a26f8d851d25aadc91babdcdc995f51cd035b
BIN/BENEMY/ENEMY172.EMI	30720	fec951f2af320eac9b76e0992dcd30c5ced69142b6ed911edc9c6023a744b7b5
BIN/BENEMY/ENEMY173.EMI	38912	75c441ef53ac5f52a5af0abf29d19f1c7f6ed9a006b2498c41e0e85872c0b101
BIN/BENEMY/ENEMY174.EMI	16384	8d6a055954fa4748edbe54f7bf3eed35fbcc961723acc444a822813331836029
BIN/BENEMY/ENEMY175.EMI	16384	8d6a055954fa4748edbe54f7bf3eed35fbcc961723acc444a822813331836029
BIN/BENEMY/ENEMY176.EMI	16384	8d6a055954fa4748edbe54f7bf3eed35fbcc961723acc444a822813331836029
BIN/BENEMY/ENEMY177.EMI	16384	8d6a055954fa4748edbe54f7bf3eed35fbcc961723acc444a822813331836029
BIN/BENEMY/ENEMY178.EMI	16384	8d6a055954fa4748edbe54f7bf3eed35fbcc961723acc444a822813331836029
BIN/BENEMY/ENEMY179.EMI	16384	8d6a055954fa4748edbe54f7bf3eed35fbcc961723acc444a822813331836029
BIN/BENEMY/ENEMY180.EMI	16384	8d6a055954fa4748edbe54f7bf3eed35fbcc961723acc444a822813331836029
BIN/BENEMY/ENEMY181.EMI	16384	8d6a055954fa4748edbe54f7bf3eed35fbcc961723acc444a822813331836029
BIN/BENEMY/ENEMY182.EMI	16384	8d6a055954fa4748edbe54f7bf3eed35fbcc961723acc444a822813331836029
BIN/BENEMY/ENEMY183.EMI	16384	8d6a055954fa4748edbe54f7bf3eed35fbcc961723acc444a822813331836029
BIN/BENEMY/ENEMY184.EMI	16384	8d6a055954fa4748edbe54f7bf3eed35fbcc961723acc444a822813331836029
BIN/BENEMY/ENEMY185.EMI	16384	8d6a055954fa4748edbe54f7bf3eed35fbcc961723acc444a822813331836029
BIN/BENEMY/ENEMY186.EMI	16384	8d6a055954fa4748edbe54f7bf3eed35fbcc961723acc444a822813331836029
BIN/BENEMY/ENEMY187.EMI	16384	8d6a055954fa4748edbe54f7bf3eed35fbcc961723acc444a822813331836029
BIN/BENEMY/ENEMY188.EMI	22528	27e2f1daee67289de6246ddfab7ac14de677bd79fc5944deab1f43502f917a71
BIN/BENEMY/ENEMY189.EMI	16384	8d6a055954fa4748edbe54f7bf3eed35fbcc961723acc444a822813331836029
BIN/BENEMY/ENEMY190.EMI	16384	8d6a055954fa4748edbe54f7bf3eed35fbcc961723acc444a822813331836029
BIN/BENEMY/ENEMY191.EMI	16384	8d6a055954fa4748edbe54f7bf3eed35fbcc961723acc444a822813331836029
BIN/BENEMY/ENEMY192.EMI	16384	8d6a055954fa4748edbe54f7bf3eed35fbcc961723acc444a822813331836029
BIN/BENEMY/ENEMY193.EMI	16384	8d6a055954fa4748edbe54f7bf3eed35fbcc961723acc444a822813331836029
BIN/BENEMY/ENEMY194.EMI	16384	8d6a055954fa4748edbe54f7bf3eed35fbcc961723acc444a822813331836029
BIN/BENEMY/ENEMY195.EMI	16384	8d6a055954fa4748edbe54f7bf3eed35fbcc961723acc444a822813331836029
BIN/BENEMY/ENEMY196.EMI	16384	8d6a055954fa4748edbe54f7bf3eed35fbcc961723acc444a822813331836029
BIN/BENEMY/ENEMY197.EMI	16384	8d6a055954fa4748edbe54f7bf3eed35fbcc961723acc444a822813331836029
BIN/BENEMY/ENEMY198.EMI	16384	8d6a055954fa4748edbe54f7bf3eed35fbcc961723acc444a822813331836029
BIN/BENEMY/ENEMY199.EMI	16384	8d6a055954fa4748edbe54f7bf3eed35fbcc961723acc444a822813331836029
BIN/BGM/BGM000.EMI	266240	e1caf8633ce6be70524bd288b5af1c4b6042e4ca5cb3b02600affd68b8013a91
BIN/BGM/BGM002.EMI	274432	5dadb17d1e2fbfeaa43865a60fc378195144cac5313977cec5b4f684abe8e0bd
BIN/BGM/BGM002A.EMI	159744	080ec8fea0dc950fbc33f3695e3581e023279f4a4034427ab55de900d48c5226
BIN/BGM/BGM003.EMI	225280	8afd1425767a50202f96cc1bf7a47a1eb4de3ee41a799a6cbdd22409d9a45304
BIN/BGM/BGM004.EMI	188416	da72a55d21e9578545c2353a13c462db607b787891e382fbc4d2d8bb7aa8144c
BIN/BGM/BGM005.EMI	268288	50a1939eebe1dcd71f85e4c05074f9c905611f78b074b1ba0091b7295b8dc9ea
BIN/BGM/BGM005A.EMI	253952	9e2719c497bd0388e56d2dcf3a8a36e6dc600dc0ad3c47989bd9b21d8ed9d9bf
BIN/BGM/BGM008.EMI	294912	546d8f6dca75e7113c433e40627c39d9dc308540a3bd207798103e14296129c2
BIN/BGM/BGM011.EMI	264192	806e45c53f470ab50bdb6d44ed36546372159726a4cac302d2ea104ee4e2861c
BIN/BGM/BGM012.EMI	264192	031d00aaeecf419a27e60f8c8de4117cca235c1d8616e1387f68cf7b239a3155
BIN/BGM/BGM013.EMI	266240	846043ef7a7f8ac623327dd8d2880ab66a17efdf1131f6257bc9c3873380e777
BIN/BGM/BGM016.EMI	280576	02745106d3f7eb43366ee8d4a5df4f99c35a0176f6d2c19b9eb17564623f91eb
BIN/BGM/BGM016A.EMI	272384	12740573b337fdf6308d397caaea7680a7976da8a5f70c45c8c3aac61e4d2288
BIN/BGM/BGM019.EMI	212992	50d24a4cc03768c06ff891eb8ecd062da6b8ba11822b78e19ac4ec7024f7838f
BIN/BGM/BGM021.EMI	278528	0000d6aa425226686a64a60bf2539951de607b726d6ace1a5b8012983b70bace
BIN/BGM/BGM022.EMI	251904	75a2fa0e725584fe3b2e7ef393a9a07804604af8a1e591f814336dbbcf54f3fc
BIN/BGM/BGM023.EMI	280576	597c51adee951f70cf78c0b3a04a679fe35c8d4eda4c8beac3dba0d0fd199c0f
BIN/BGM/BGM026.EMI	305152	01f3dbbc2d16f7ff03eab5a75b96d50c316db37c6ee8e0d730b175de2afb0cb0
BIN/BGM/BGM027.EMI	225280	5f56b8200d2e94153392b7c7ceff97bb4802d886a3190fd0a0ffbf1e3a01fa6e
BIN/BGM/BGM028.EMI	264192	c56090040a48b8e5f0f873cf500e474440c42b2d70a4d819951ceb8d62a243c9
BIN/BGM/BGM030.EMI	270336	10628d1cb96e8e6ce9a596e2dcf6b5d98256149b0caa5b5e216802b0a75c523d
BIN/BGM/BGM032.EMI	161792	fd86541adf4dd624b85ce0aeae2b188a00256401c888febcbea6ca409677a885
BIN/BGM/BGM035.EMI	251904	24f5de329bd03cc972b973c29b183d40c77fcab73e784ef413a497fca5a9ba06
BIN/BGM/BGM037.EMI	256000	7f276d15c75b67803adfbca77e03101f398724e383b26ba62e278afebcad6cfe
BIN/BGM/BGM039.EMI	270336	cb455f08b3ec6d4f044ac4c53e461c8df85004e138451daa29ebe14fbe6caab3
BIN/BGM/BGM039A.EMI	272384	2cd929648704615adff4752f2e9a502dbd915a48d29e36923e10ec36fb714d17
BIN/BGM/BGM040.EMI	290816	1024c36518a532c1ea7b6d1ed74ad4f43c9191a0178d8920d7bb1d9b3d80362e
BIN/BGM/BGM040A.EMI	235520	fab18be4100953dae951296020bfde555e4a0ca421c9554c8be6220dc067a2be
BIN/BGM/BGM041.EMI	260096	447a2f13292b9f9f9b8f7156e361ec5cf816fa00105e51a2d663f9e7a77ea591
BIN/BGM/BGM043.EMI	268288	74256e3cdb393f78915d04e7a7d09bcdfd2b7bea06f5e6daec6544486f5c4a0b
BIN/BGM/BGM050.EMI	280576	66580830aff8e159899153816248d18de29626d2a16b0db34113b396b37fccc1
BIN/BGM/BGM051.EMI	272384	7adbfca886dcb0b2212268462ad99eaa20b408c641d50945856c8e7d5943c4ac
BIN/BGM/BGM052.EMI	258048	fd334286f5eba9489964a707477ee1d283dbaaf82b4cb12e177c434868e5c356
BIN/BGM/BGM053.EMI	57344	03e93d4831b4c7507e8521a76cbd1eea62863df68971959953507d7f05ea58cf
BIN/BGM/BGM054.EMI	112640	33f0f282764530d2779772ef31d876cc898216434f5b4e70cc0ed78715ff80be
BIN/BGM/BGM057.EMI	272384	73f6cba3eb220eab0d277b4fe9c304550e5daa0e264787227fa409453a19a582
BIN/BGM/BGM058.EMI	145408	1c33f3e3b146d48cb8a8db349f6bf250165be030100f14ec56f692d13dc99bf7
BIN/BGM/BGM060.EMI	67584	e0eb3e5a133378ee7b395d18e2ef56e3fc5db77678369e9eef86e8683bb458e2
BIN/BGM/BGM067.EMI	260096	9c3563f2424d101192492b1ffa4987751dfeab4a15766c21643b82defdf3c801
BIN/BGM/BGM068.EMI	276480	eb59b9fec295b58b2e79ba7f32ebd7f3ab9781d84f7d73aa95af2a32603da061
BIN/BGM/BGM070.EMI	264192	15d77408c44f6faee525b0c90ae1308fabe54591c0f306565284a1dd7a6f9676
BIN/BGM/BGM075.EMI	237568	f45ea28b44d9099dbc3bd1d58439803d99583b0e27f4616e9d218f98058ecf89
BIN/BGM/BGM076.EMI	49152	a69b8514e53857ba4426f84967285dc667a507cee0e5941689e34615ec874725
BIN/BGM/BGM077.EMI	276480	cf7a7390e9e86c279e88257019b72d12400b6e3e6b823598d41976ce951edfd2
BIN/BGM/BGM078.EMI	296960	d7b8a432a7c7016965bc711d1a6d7be675e7b8cb82dc3b9ed0de80dbe37eabd9
BIN/BGM/BGM078A.EMI	276480	1d07487412f9a3f2133abccf75c2e5b89a49aa05e5d718e5387301b64c9010f7
BIN/BGM/BGM082.EMI	294912	e4334a564b5a2cd8b6c3e261ca88dc9ef72c0c51fda0a6bfa0ac0229eb87704c
BIN/BGM/BGM082A.EMI	262144	db17cda6429ac1f6e3c2a7265d999a2c266b42b14c04e3f8b0c106c1209fa6c7
BIN/BGM/BGM082B.EMI	249856	97b16d8e5f18604f8958a99afe9ea5cdebd00ea28be79e35f2cccdc9720ca963
BIN/BGM/BGM092.EMI	270336	cb79393b651b0eb2654abd89063371c7911e463584200573558576deb5ca4323
BIN/BGM/BGM098.EMI	184320	04951302b43c39da97cb8431399059d23cc00efe4f52c786221a74e0a53b684f
BIN/BGM/BGM099.EMI	288768	15286ad2adff41b67d5f97d2c33ad14833be0e27dd730d38733f1e1a361569e8
BIN/BGM/BGM101.EMI	264192	54821ccd0a673bcb54b956577907028fe29ab63e153acbf69318e5a68ec66f3d
BIN/BGM/BGM102.EMI	243712	67f0a70f6ba11ffbe2e20f5b8c6e872d54e4b324b91426d17d78577799d2a526
BIN/BGM/BGM104.EMI	272384	211ca2581bdc58a7a06ed62108dcdeaf18795a55c18da6f0a35ddd63431eac24
BIN/BGM/BGM108.EMI	278528	8e3e731353fe91692c5b9726ea11f10778d5ce9604270a9e1bf2b4720d00b88b
BIN/BGM/BGM117.EMI	247808	504e4c7a876dfbe506068408ab9e6f39bbff6165596d28d39ed434c034dbfcbe
BIN/BGM/BGM127.EMI	272384	4652e8f19f05947ffd33c58451284bebec9e6175ea48b46e26e58933e2721914
BIN/BGM/BGM130.EMI	264192	fdb2a45ea6ee6d9e39a5cc656d42b30f773546ea8ed86a107a7d99cee6373321
BIN/BGM/BGM131.EMI	249856	5843071a982e81d8e717e8aae5ccde69fc01422fd3197d834182298fd27e531a
BIN/BGM/BGM133.EMI	251904	b18ca7f07ad7de88171a929f1b5d181d885152b48e52857fae353a6080ea4561
BIN/BGM/BGM143.EMI	231424	29943150bdceb889e024d8ad2b04a98261aa578b370422595fc99e354eca82af
BIN/BGM/BGM147.EMI	260096	5060fd3f9a623f92936a07e47de5e8353ac123efe579b23e5b21a4125741898f
BIN/BGM/BGM153.EMI	63488	4f4c9d9b9be143666be4f343cc3fb70fa2e3aab2a67acc670279344e3b82707a
BIN/BGM/BGM155.EMI	264192	1a172709ab08444e2a81d4e25a2c74f875bdf80a5b6301e59ad2778bed6216e3
BIN/BGM/BGM167.EMI	280576	ec6f7440abd4506cd594ebe1aaecb4abe20adf9d5e7d59478d01c73c705ab6d1
BIN/BGM/BGM175.EMI	243712	7f998457a8e5d02dcb3f4368d7b2a36328e35b247c51e9588ef153eaf188b46e
BIN/BGM/BGM175A.EMI	227328	5674f9a25c3764b08db1b476fcf084e1285f67acaa1e022b7881c785d0ea01fd
BIN/BGM/BGM188.EMI	235520	7ab7f8ef6bb329e3f79f418ad21ca667ae62b7b87ec6c4f857f2285ecce169c1
BIN/BGM/BGM189.EMI	249856	fef483054a57ab4ed66205fb557d9c28f88512b549ffc91b7ab4ee049953f9f5
BIN/BGM/BGM197.EMI	243712	873c209fc2656f810806b21b0797b45f01f2838ab8c15c4b22c5ab2a508f833f
BIN/BGM/BGMBAT00.EMI	274432	fe802871fd780db87eda0ce9745f5da93265b0be58f865a92c6d2af45379228f
BIN/BGM/BGMBAT01.EMI	278528	0449b215b377a5d91eb7cebf10f81b45b4f3501bba9e2b14d4baeb016c953bed
BIN/BGM/BGMBAT02.EMI	274432	fe802871fd780db87eda0ce9745f5da93265b0be58f865a92c6d2af45379228f
BIN/BGM/BGMBAT03.EMI	266240	61b1745c751f27f07767fa370bc29ccfd018d5e09de024197355c4ba9bb0287f
BIN/BGM/BGMBAT04.EMI	278528	c081f572d0d3c09fc7922cd881d70c82682c4642a79f742d09714f300f97894d
BIN/BGM/BGMBAT05.EMI	268288	fae8b7bd1eb49cea9db5817ec58ab6416f5efb59055c6822df86c4aa4369e381
BIN/BGM/BGMBAT06.EMI	290816	991be6a804d5295cbfcd7074a7f3e0eb66648cdc8578f1235248e57922310882
BIN/BGM/BGMEND.EMI	456704	15c00c369357678afd3f5477bb25f7f7cce8d720d7979c50c90f8df4faad0bce
BIN/BGM/BGMOPN.EMI	434176	20d2ff9160b5d7bb4a346b01117b46c5e86703e4ef9f579bb037181d323f4793
BIN/BGM/BGMSPC.EMI	286720	f7ae3ba98ddea69a86e249844f7516c1f98069e9dab4dd21d83375e85cad7542
BIN/BMAGIC/KAIZAR_D.EMI	90112	ec9b640834d2a229cbce1d14cd9b74c7ca4175e8cb9213802f337989198aecb5
BIN/BMAGIC/KAIZAR_F.EMI	90112	b0891050e2aebb2c6e308ca4fa3fefb52cb7d06cd395f0655b98268048b0e65b
BIN/BMAGIC/KAIZAR_N.EMI	90112	46d7ac41e93b086087988f3f136991c365c98a6f77b50ee018d95c81c85bdcd7
BIN/BMAGIC/MAGIC001.EMI	10240	47b6b42cb8f41866806578f0b5e7e634dfbce9002fe1f613ab2af44d440ede6a
BIN/BMAGIC/MAGIC002.EMI	8192	e34527dee4f973dc38eeaa59284522d4d58d5ade2c0686b2eccf5577cf89763c
BIN/BMAGIC/MAGIC003.EMI	88064	03d8371e3cbac602ad92dca38ceb88ac7e1d17cf7fe02501e2868ddabd0841ed
BIN/BMAGIC/MAGIC004.EMI	122880	9760b9e1459579aa6d2f7c3ea38dc278d375960a4736ef7bc934823de7592c3b
BIN/BMAGIC/MAGIC005.EMI	135168	c113078a5824a201d782dc6ee63ccc8e6d8fdd4ac756a32aaab9cd3aefdaad39
BIN/BMAGIC/MAGIC006.EMI	124928	f0d0b6de42f7df40c24e0cfbc8f1b4b7c4248e51d712215b03a822bea67ccc61
BIN/BMAGIC/MAGIC008.EMI	51200	fde058a84932638a081fdaa89793178343eaa61e88d57b104379922be5b2d6a4
BIN/BMAGIC/MAGIC009.EMI	69632	20a756a4ec6bdc3b42f6d40bff61f7d993afe00e8b5c8a2ce3e124888175e7d9
BIN/BMAGIC/MAGIC010.EMI	4096	5e5566de0350571b33e91f6051d6a380fbed883312f93344f2298429609f7c44
BIN/BMAGIC/MAGIC012.EMI	73728	81ce520b169e17540867057217d8e44e54082defa26bcc68831ba1fcd6a94b1a
BIN/BMAGIC/MAGIC013.EMI	69632	2a1db5a05083bda9be02e2977797ed47007d9d5a709dec2b355c034e7c6bdb5d
BIN/BMAGIC/MAGIC015.EMI	14336	f2b305e8c9abb8ac6282ba39d959f436a0ff222d0f633ef59d4848e685a39aaf
BIN/BMAGIC/MAGIC016.EMI	51200	69480b16a8649c62d07a11f866808cbd128af774ab91b4286ee5141575930948
BIN/BMAGIC/MAGIC017.EMI	34816	dfac78301e6aa72057a34764d2848010725f0e8ebbb6993b016290ba0e3d66ef
BIN/BMAGIC/MAGIC018.EMI	61440	3eaae1f1b576d90dde422e336c8331f31811e14dc353a18a208a81022a6667b8
BIN/BMAGIC/MAGIC019.EMI	86016	d7e2f2627906942bd790b9aa79aceb2ce4569805cc1b31246e71663b80791522
BIN/BMAGIC/MAGIC020.EMI	69632	9a42f89449f9fdafeba6fd064103baf184e8693073363bc8502b932420b0f8b9
BIN/BMAGIC/MAGIC021.EMI	43008	0652c2005cd38b38a74b2e635646c5139c7dd70bf07f7ffc362d90344f0fb6cd
BIN/BMAGIC/MAGIC029.EMI	135168	05616f9071229778cf07631adfb7ba1c9aecf76c846077c9e07fb04cda89c298
BIN/BMAGIC/MAGIC038.EMI	165888	4fab85377f72aee17fd3bf8bed65a11d6c85a0eb397546d0d3fd6bc1a470b6c8
BIN/BMAGIC/MAGIC039.EMI	90112	0ca2c8bcf9fa34042b3c0425b269575ca7ca5ba37388b28b98ee2e68205b2f79
BIN/BMAGIC/MAGIC040.EMI	104448	05bcfa5ebae0967c4c49945e9e77683758c69902099734e9055efe1e92a048ba
BIN/BMAGIC/MAGIC041.EMI	53248	2015d4442cccf9cfc78363bf3e4a16b614ccf4fe06c4a711724768e62cd53e67
BIN/BMAGIC/MAGIC042.EMI	49152	2705e10f79b89ea5d37cb7d4ed8d0cecbe3c36b94a762773c616e70e3b97b7be
BIN/BMAGIC/MAGIC043.EMI	122880	71f09cc6d165f67b2f2be298d33c90d750f2ca6ee6bf3ea7d975ac359e7cf077
BIN/BMAGIC/MAGIC044.EMI	90112	1293bb7297070ebb20b9a31f5eb060d329846b55846af8a951246519e7d14843
BIN/BMAGIC/MAGIC045.EMI	43008	cfc277ebf927450aae249a74a3d14242d55db63632eddea89cab10e223860bc3
BIN/BMAGIC/MAGIC046.EMI	124928	ceb2131fce581e4321e8a98cb6bf472d4f732e3163d61b367f336c49db4f7757
BIN/BMAGIC/MAGIC047.EMI	124928	82c9c30e73cfb5c8b4d47231e51645b58135dfae78e30e21c2f03388a77ed985
BIN/BMAGIC/MAGIC048.EMI	73728	70a8e7464bedb8b503450c67ba8e2961bb6202b7f54c0fc795f4dbf8ba945f47
BIN/BMAGIC/MAGIC049.EMI	110592	cd37f955b5750fd432c92de5c22e1d7024c85a71442f459999331c5a5f3f5953
BIN/BMAGIC/MAGIC050.EMI	34816	2422d2444f1fc3243d03216b801d6ea98c04133c8a95cd29b3c25943e55b6723
BIN/BMAGIC/MAGIC052.EMI	55296	ee69a1af7e6d9296170090d238c80be0cf3d97edb2a701f0129b1cd4f92230d0
BIN/BMAGIC/MAGIC053.EMI	114688	732943029c9cd432baf879559d98322fbf7a32753a7ba717214616fb26a3b389
BIN/BMAGIC/MAGIC054.EMI	81920	f3bf14bd69237a80a77627437c3e1a9a672a5225fd39bef7c09313c12a87e67a
BIN/BMAGIC/MAGIC055.EMI	71680	197227b68565dbc00c356c8d9c13536b402a03552f3f720a16aec87139564b7e
BIN/BMAGIC/MAGIC056.EMI	88064	d1b563b77b4ad23d4d8bf408e6771e580d2f15e5031c8ccd979a28e17eb398f4
BIN/BMAGIC/MAGIC057.EMI	116736	e229883394278ef95dabb1fca7dd7f42298536d20fa505a51e94b07c468eb489
BIN/BMAGIC/MAGIC058.EMI	81920	621c4dccd31b7666c72cfa972d75b7af395be3b6c26356412f87df0abae009f1
BIN/BMAGIC/MAGIC059.EMI	131072	721af397f88e3e0e7589217475efd0c4fe311acd64074f4c7d95553738019a32
BIN/BMAGIC/MAGIC060.EMI	10240	eaf573a641f1c30e7cd283005d3d2ba2e669c04822027d608c4ab4737909b63f
BIN/BMAGIC/MAGIC062.EMI	110592	2c8b2c87fd6cd7662df7eab63a8654d7539782f7986049f197f82033c030b72e
BIN/BMAGIC/MAGIC063.EMI	86016	91cc5ce2a55f6126f55292dc81b751a4cf4efa3f6fa85398963bbe1be2afa834
BIN/BMAGIC/MAGIC064.EMI	108544	5786c838c85cf726bc8db432492aef29e34310c7022282e2fd2018bc8dae8f80
BIN/BMAGIC/MAGIC065.EMI	6144	00363abaf4099204cce95176db2d1deb36bde72fa69662c9261b6d0e3e7efc63
BIN/BMAGIC/MAGIC066.EMI	161792	106d0afaed2f0dde56412d888fb021cd2cb913515aadb966af0abf6bb7775ada
BIN/BMAGIC/MAGIC067.EMI	167936	1b4256c804d6b14ce2735ee109c0c29ae1227e46c849e48289b22e53462a88ce
BIN/BMAGIC/MAGIC068.EMI	51200	d46fb9f669c961c3aca0c688551df0c7ce1ec5b2c9ceba30066217c2eb94d559
BIN/BMAGIC/MAGIC069.EMI	133120	cd9512a0dec3ae8673ff53079695131252a9541f4bfeb388ebd5fd1f24e0f5ad
BIN/BMAGIC/MAGIC070.EMI	88064	4bbb33d8254daa0d79a02419adde9e4decf4130e2549d66e07f2130d489829da
BIN/BMAGIC/MAGIC071.EMI	88064	2c6c672d691b64fbe866b5b57ceea0856fadd1df8b01f0ec35c632ab55c028b5
BIN/BMAGIC/MAGIC072.EMI	88064	e6348c63a84d5a84cc588c14c5ae678c9e95383a8ec2267be1ddcd0ccb1b1dad
BIN/BMAGIC/MAGIC073.EMI	73728	ebc4af1f510e6047eb74292b44c8dd7947e7a093a414742f87a27fd582579f1f
BIN/BMAGIC/MAGIC074.EMI	73728	aea23f61ae15471ba7a5a8efabc381d8bead254e49a59d6850b8a27290435b2c
BIN/BMAGIC/MAGIC075.EMI	118784	d019ba4db2407c11108f0f205e144364b0231a19c22303bc8c365cdda23526db
BIN/BMAGIC/MAGIC076.EMI	167936	70790d360da4139014320e63afb71effa88d62142e94b8a81cee507b1ec70c25
BIN/BMAGIC/MAGIC077.EMI	167936	aea00ea7bc40366dacbe0586da65d5aac215a2d7c2f80280b1b0f32351ef5aa4
BIN/BMAGIC/MAGIC078.EMI	92160	dc4ecb57a422f47af10c3bf69d215ce54cf8aa8cc2a5826b3d7bd143dbe5c677
BIN/BMAGIC/MAGIC079.EMI	77824	c22984d11e42f0856256d49d189d78dfc678df5117154c44a30c5f2779f8e0f6
BIN/BMAGIC/MAGIC080.EMI	4096	46ed27650ce6bab4cd05c95c13f3d5f2e3a4380c513332e47a08f0d4a663e34b
BIN/BMAGIC/MAGIC081.EMI	118784	4900140867859980baa9dd48546721105f7c987146988d665afbd4685c2d5e49
BIN/BMAGIC/MAGIC082.EMI	110592	ddf89db8f28bbbdae3db0fb89c7d38d6bed28eee013ff78c4fe2393ac3fae8af
BIN/BMAGIC/MAGIC083.EMI	112640	2c769924e619eb564f0706cfef5c6faf4ca5e2a718bb8cf9477db7b8d4609a5d
BIN/BMAGIC/MAGIC086.EMI	65536	cc272ab2b8f94d378aadc2648b3ed3a14a8ec841d7e4ad451554b22587c8543f
BIN/BMAGIC/MAGIC087.EMI	86016	822f2d10bca124eda37d58e0199fe9316a22b801af968af46db140dfec0fcd87
BIN/BMAGIC/MAGIC088.EMI	129024	e5844186359e3d86e21eafa7468b7c57fb395dd66198ad2b3fe470cf0614fc17
BIN/BMAGIC/MAGIC091.EMI	71680	3ec04578c70a80dbbe77e4d5ed3a2be34a343cd08fc16b11ca87a591978e57e2
BIN/BMAGIC/MAGIC092.EMI	92160	d1a082d31caed108755b749e762e9815f4d511bbca85b23b23ba8192e7c874e4
BIN/BMAGIC/MAGIC093.EMI	167936	117a849bc1a5931d7b4d8a051b5ea7a7e49ae52a410b4d4322e495e9a82d8fd2
BIN/BMAGIC/MAGIC094.EMI	49152	ad48cdd49d368f25810f6f0b8f9a3891b1163407e22851847b3ff6dbdad0d91a
BIN/BMAGIC/MAGIC095.EMI	98304	cc1dd6520a398d13da70a4dc9828dfcc5206d89e66badb635af59d80f5192e8d
BIN/BMAGIC/MAGIC096.EMI	147456	d11b6c5a2886d5dc4879d50b7a55d5556fb8aa140424fe2876e797708605dced
BIN/BMAGIC/MAGIC097.EMI	45056	84879a9e0bb6f02e09200eec9dd2ace9ca98cac148d61fe5c5aef44b3eed864c
BIN/BMAGIC/MAGIC098.EMI	40960	25d046508da78fe722500501fc571da11d47c213961b05cf5d85430ed00bc9e7
BIN/BMAGIC/MAGIC099.EMI	94208	f75024f9814b0756af98a1fb34274beea7b4e27c7954eb2cbbf6b2fccea8cbee
BIN/BMAGIC/MAGIC100.EMI	51200	3fcec8c9f9af7feff93279c02b51a3e61e51cee7e92ab22e683b22e749a45f3a
BIN/BMAGIC/MAGIC101.EMI	83968	0833af92257b346ff3482a814a26f3eeac84521cf97339d662ed3a6308551dbc
BIN/BMAGIC/MAGIC102.EMI	92160	83024f3ab6942b5d41972941f4100a63a1631b79ea2ebf8cc6ddce4c55accf0c
BIN/BMAGIC/MAGIC103.EMI	88064	80814eea170efdb4b51a6e2b80cfdc0bf235322388662f300b07ecd1345c412b
BIN/BMAGIC/MAGIC104.EMI	57344	514f62e0d61c5c8df8fecb2ef0cac5294a6dd81b39b9f0ce0402282a93ee7e33
BIN/BMAGIC/MAGIC105.EMI	104448	5b1a0c132842c795ad29aed06b4617eb4a55755eebecdaf57c6289350c25d3b7
BIN/BMAGIC/MAGIC106.EMI	83968	e6e8462531600e6a5a35fc8553a9d64055578343dffadfb8d9dda4419189b8c5
BIN/BMAGIC/MAGIC107.EMI	90112	053caef8303bed2bee8b93a5012de1961694e2d3905c7b1005aa9552ff2531de
BIN/BMAGIC/MAGIC108.EMI	67584	81bf17d3a8c2221acbdcf5bfcdf1ee0b740fadf9f936b8fdc4ec24ff19e71122
BIN/BMAGIC/MAGIC109.EMI	71680	033d80fb453cf0e5b5c2405441f913422c0475b88be7d333e051874db4d7f146
BIN/BMAGIC/MAGIC110.EMI	165888	638434208b5b9cec9b9b63b3d33a0057cb4e4fc1eb1d63d73dc20abbfccd6c29
BIN/BMAGIC/MAGIC111.EMI	77824	1d374601ae8b8861331c9ca22c029abfefcc61f4124fd07ba234d3d427d93a98
BIN/BMAGIC/MAGIC112.EMI	4096	46ed27650ce6bab4cd05c95c13f3d5f2e3a4380c513332e47a08f0d4a663e34b
BIN/BMAGIC/MAGIC113.EMI	131072	67fa2a97fab6a6dc909af601f0ffa084e367a74efae053af8af20ac4b18feb86
BIN/BMAGIC/MAGIC114.EMI	186368	b520586a16eb6ac583c7eb9b123c832c9ecb67ab583badff1d4186e3df1b5a06
BIN/BMAGIC/MAGIC115.EMI	118784	306b8a0619ff5a50c836ea39b47a2c7eaedd1544241ed0e9af706621db3df84c
BIN/BMAGIC/MAGIC116.EMI	59392	3e7cd774e6dce66e11f728e717f20447953a67ec39cf58085fc42a2c866c8ef4
BIN/BMAGIC/MAGIC117.EMI	4096	8dd1f24fcc9b200e6f7b93be84737ab729f633d2f61f858d81f15c19c4a0621d
BIN/BMAGIC/MAGIC118.EMI	71680	254e71bec97fa9d02bf692a323bbe95f81e91f181b17bab0bb4a148dc76e6c20
BIN/BMAGIC/MAGIC120.EMI	169984	31f617cdde7d352bc688e0ffc43b6a745e3e26b5fbee222b73871bc6249bab03
BIN/BMAGIC/MAGIC121.EMI	167936	57c64afd7b2121cc5baed4a4d25f5ef706bdee7fc0d988410eb85fbb220f5178
BIN/BMAGIC/MAGIC122.EMI	165888	d276b24ac4355230858e5fea7e60554441fd8c8fe0f964302f8d9972e46a9312
BIN/BMAGIC/MAGIC123.EMI	165888	95c2e3d60558f486e2fbd13aae69f76b5874aa3e8958ae672f579d4f0d5e9b29
BIN/BMAGIC/MAGIC124.EMI	94208	18ce37641f2ad251fca19ba30663dda92a43111c901364f8392f2b0bb5170653
BIN/BMAGIC/MAGIC125.EMI	102400	2e0c56dc23525cd0576ecad00f01505b40e80fba816552cb641667664804472e
BIN/BMAGIC/MAGIC126.EMI	129024	10d22757da012e21667f01a82850ba45a91bef73fa2ee7d9f97200fa72e10306
BIN/BMAGIC/MAGIC129.EMI	98304	22bc66350e69ca838d820eff2be3e0da5df88ffd67bb457f56d2122ccd1f404e
BIN/BMAGIC/MAGIC130.EMI	155648	c4b7e78aaa920000c22a4c864dd5a8dd38add3e24c2ff0358864f0dec4d451bb
BIN/BMAGIC/MAGIC131.EMI	153600	f14ead18c39dbc80f34d3203ba4321a365eafd6fb324eb1008b0ebae8036ec0b
BIN/BMAGIC/MAGIC132.EMI	145408	3e04cc5351614ee5ac71ec5d9819582a87927e221e590d299ac39c15bfa8b45d
BIN/BMAGIC/MAGIC133.EMI	112640	25af1d5168823065e5a149077125570a126d9f14980f8dec8d446a7a6c732773
BIN/BMAGIC/MAGIC134.EMI	114688	69e9e9a59bdcf8dcafcc1c3a4ec7edc62ad14d8c0b7417ae14b0807799ebed86
BIN/BMAGIC/MAGIC135.EMI	116736	af4ca28c682fe48bed6f244cae2db72cb7ff8a233976c06ef03bfc74650100d7
BIN/BMAGIC/MAGIC136.EMI	114688	d5a889ab80eebafd4a1316a06fab3a3a5960f8084ef2ac4e63c5275bb8f1ecb9
BIN/BMAGIC/MAGIC137.EMI	157696	4e85cca1bda5f9fc0a4eacaa1e83a200e67362f0662e558823a91cf483cdf3a8
BIN/BMAGIC/MAGIC138.EMI	57344	32b474835ccff3d9a5721a0afb71e5a4aaf23ae2cfa8535af9c649c1420b9cce
BIN/BMAGIC/MAGIC143.EMI	40960	49a86326d2cea5539e05145d304a71b83e9c36d8038fe278f3e929c592a3e727
BIN/BMAGIC/MAGIC144.EMI	90112	79cb2f8962ac93a11501bd074e1e1bf80e4cc2fe9efec2a6091df3b69784103b
BIN/BMAGIC/MAGIC145.EMI	69632	5e646e1f49060a8692f553e28abc453ff2ec792b4dc5219f12aa85657c731a06
BIN/BMAGIC/MAGIC146.EMI	77824	10c3d2c50357fda6a2bdc76e816a565dd1d7bc4bc9845d685ba31d7ed4c05480
BIN/BMAGIC/MAGIC150.EMI	51200	42b91543f6b0a52bdf3ce69c71fe6600ea0bb66f17716cb0767c9bf64c8496f6
BIN/BMAGIC/MAGIC151.EMI	106496	bde3655a241edc19703327b22170220358539525fcf71d050a28040b212956ad
BIN/BMAGIC/MAGIC154.EMI	75776	462b0683fe29002df22ef55f6d3e84c8a264a54c58fd0fbce6c5409272a09442
BIN/BMAGIC/MAGIC156.EMI	88064	40588ea638df946927f560a5e6d86147145309b68a31e9d87d00c42b0677edd7
BIN/BMAGIC/MAGIC157.EMI	129024	60a531891f5ba1827ab5bde3e8be67dede528c95bd5d49d3df549c11cbb30afb
BIN/BMAGIC/MAGIC158.EMI	77824	ad67cda10dcc26dc5882f7d72defaae48b611f53b8135c6d761ef266dbec67ed
BIN/BMAGIC/MAGIC159.EMI	88064	2704fdd49d4fbb4951dcb71642b073e911041520dd689d5c72db6d5cea08dcbc
BIN/BMAGIC/MAGIC161.EMI	34816	5eb542b4decd522487b1d47a5279d37ded0d2e243a8c0a9090658086a77218a8
BIN/BMAGIC/MAGIC162.EMI	71680	84ee938535e5ba83578b828eefcf183e319b0d2f377dec8da3c0f0c8911aeec9
BIN/BMAGIC/MAGIC166.EMI	73728	a71f95750d3d817f30b98de94e6088b8e072cd1aef5f2db1f78b1ba959b225a7
BIN/BMAGIC/MAGIC167.EMI	73728	d53858c0c87f20d4edd28061d9ab63c1124b933fcf0ad9358627762762e3c3b2
BIN/BMAGIC/MAGIC168.EMI	88064	60a5b1e6017a6dd2213ebd3e7888110d8f9f337616b977e8fd22b7e3d592f901
BIN/BMAGIC/MAGIC169.EMI	169984	533c8f54b6b6ebfdf0cfafd6baf216b7827a3006f90c4daf732ed7a6469c7833
BIN/BMAGIC/MAGIC172.EMI	83968	6e609af44dc1441735e074db229202fececf41bb482d306d73af616f0c83a7b7
BIN/BMAGIC/MAGIC173.EMI	92160	88855e893ba6e0712edffafa56880de97aed983ad6f1202bca205035b1e91d78
BIN/BMAGIC/MAGIC213.EMI	126976	52a060bf745f66a1918cb0708d6ad0080c29d0211f68cacb17fa418ed1f606ec
BIN/BMAGIC/MAGIC216.EMI	4096	8a83b5155f6cc88833fe6e7a7eb615bdce4abc1cbc138887e5fab9474766df96
BIN/BMAGIC/MAGIC218.EMI	145408	4835c17f33bbfda1ce3d2643673e9d52477ed2cfa20d09265aada52b1ff028b7
BIN/BMAGIC/MAGIC219.EMI	176128	be994e1b5878d86d93894bd172f068a6c4225ebce83ef04229da296ad68735b2
BIN/BMAGIC/MAGIC220.EMI	188416	14d950fe7dd14c8bae73aee9ce7ee31d8c467be285cebad917b9f282681356b1
BIN/BMAGIC/MAGIC221.EMI	188416	c7bccbaebaaf54e5a6a7a53f02030523cee487ca2810cb692e45dd7bdf87aa34
BIN/BMAGIC/MAGIC222.EMI	153600	c174ae122f04b9d524a7e5a5b7d109bbd64164f95c8843fa05d9aa5e7148f6bc
BIN/BMAGIC/MAGIC223.EMI	94208	8f579917266dbe5ef4889b084f114dc07afe65c2100530f91c759fe7285670ee
BIN/BMAGIC/MAGIC225.EMI	149504	7825fb2596bd7b46dbdb498f0fd348694507f9edfff0005db4b9904809b5e44f
BIN/BMAGIC/MAGIC226.EMI	165888	a5a94545b855a00eb820a4697d75e05e4294529725a04d46e6c7212ad2c07d3b
BIN/BMAGIC/MAGIC227.EMI	165888	0bd3925a94256117dedfbe1a8b36f869a30a200c7a437d7d0f11b646cb638c52
BIN/BMAG_XA/MAGIC00.STR	31555584	ddbfb43d97c534b9c1c3ce02ed425165adce5c67755cbdb7f3b4ef6ecbad61aa
BIN/BOSS/BOSS001.EMI	440320	38b2eeb2c1c82edf25e33c70d3f0ae1c64029e12a968f732b52643977efea78d
BIN/BOSS/BOSS002.EMI	757760	4c317f02d3b6c3bd36343f72f27631498c1bdc02d39583972177354f45f252a1
BIN/BOSS/BOSS004.EMI	450560	b7f38fbb2e9e2b9ca209da9b2c42f25042a397d54bb74b79e9befc7742ded525
BIN/BOSS/BOSS007.EMI	716800	2e748fb8b41344af6d02f723ae121a7992746d0c8958ee2baa0d63ea2d8ebc74
BIN/BOSS/BOSS008.EMI	747520	015041a285ae29b6ec064c7f9cac4b94183ba81684310e8d0f5b4d8a6e085e15
BIN/BOSS/BOSS012.EMI	755712	600766bbf6c89c84a7eb421c15879a8ea2fe5d2865e642458b32f9f2a251ceec
BIN/BOSS/BOSS013.EMI	739328	28991a84e24113a543c3e96b507289bb4ca4a3d51d2b5777ab8a0c66b1108d2d
BIN/BOSS/BOSS014.EMI	729088	813b07d8433fda7942064bf7a580165d3eb9d57e321582bbe99fd7183de5fddd
BIN/BOSS/BOSS015.EMI	749568	f47417841677860d865475eb79d8b1c9ae45bc95c7175473f26afe6fde2732e7
BIN/BOSS/BOSS017.EMI	718848	e67d16892c46af665faf68d82c7ced624fda6b6b4f75e7dca3f8a7c78d1dbe53
BIN/BOSS/BOSS018.EMI	737280	67ce76a36cfafab916a3e2a73a93010e18d89b739a8acf5d7b9be107478e1a42
BIN/BOSS/BOSS019.EMI	735232	4753c2ae28a180ab7642620dfdcbe9be9bab884e6370c2feebb26210fd2d492f
BIN/BOSS/BOSS020.EMI	737280	d0ede113188a599ee0cff2a2886369dc6d313843d17db79640ca84bffacd042b
BIN/BOSS/BOSS021.EMI	729088	8633beb461241fad98b8fa19460276ee55a9320cefddda17109e9520d49cead0
BIN/BOSS/BOSS022.EMI	464896	c45fd8905e6c5240deb8acb577033f7e1496bf2bbfde4012e54064dd985256e5
BIN/BOSS/BOSS023.EMI	710656	ce6b949816e201aa1aa3b6dc2e5c113b1f90e6425ca6210288f0819174921cc2
BIN/BOSS/BOSS024.EMI	741376	8a72511de82855d47c7290eae5cde4ea73f1f90702c9adef860cdea6bb266496
BIN/BOSS/BOSS025.EMI	471040	9892b63542fb440cf9c25e724d79905128175ae46c8ce84640803efd4d21c293
BIN/BOSS/BOSS027.EMI	747520	52d843ad6439c6ffe5525ac05a9d86c8c18c4752b69e4015a7a9db79ef783664
BIN/BOSS/BOSS028.EMI	737280	b5b43eddfcb7db24ce27fe47ccc4e09c31f389a17ebf1b1ad90c68da9b7e736a
BIN/BOSS/BOSS029.EMI	714752	53c9aee30eea48cb2c3feb46ce6d54b0ea5a8a7f322757ebfc1ccd717eee7267
BIN/BOSS/BOSS030.EMI	735232	e4fb0f3ff4bf08f70325e83f520a4920ae9bbc6d62f9c765a681a6926c8ea086
BIN/BOSS/BOSS031.EMI	464896	cffbba0579335c72df64d8767c5148baa47588429a936c8d28e1e02e5d1f640b
BIN/BOSS/BOSS032.EMI	731136	ac56b921a58e44fc117055839f5c00cc8c27c847e9a469615ca1937a865ec35c
BIN/BOSS/BOSS033.EMI	724992	10417824e92adf065e8954c25ecccfc0fcf413c70edfe2966506f6eb824291ed
BIN/BOSS/BOSS034.EMI	751616	95f75c6921a0eb163306f85ef56c7f3b33a30862c48231e2db30b05a2af59cbd
BIN/BOSS/BOSS035.EMI	741376	2fa23c8b2069f07e998ba60857d7d4be78abc25c0bb1677926f4ef6cf2f3343c
BIN/BOSS/BOSS036.EMI	757760	1b66807909260e5e3323d70b14812faab28b6ddc174d891cb9ee764f2f350afa
BIN/BOSS/BOSS037.EMI	739328	023b9e9ee5bbd6081215bb5d88d1a7a14357cae43c70ba115156ade50e4b4619
BIN/BOSS/BOSS038.EMI	739328	9f273227623b5774ec5375462c8604d76301800702ea78c656b57dc74e3350c3
BIN/BOSS/BOSS040.EMI	724992	52c02a031440771e5465ef94f893a47532c1d32bd80d210f1606d165a71cff47
BIN/BOSS/BOSS042.EMI	727040	1bdb5e3a185c5c9ebcff7c9214568961e06cd7aeade3c09c05ef8cae07201dfa
BIN/BOSS/BOSS046.EMI	733184	bbb0cf34ad5377cd5fd9ab314bd42f42d0fa856f6f865d3e4321c766f7abefbf
BIN/BOSS/BOSS047.EMI	741376	eb1db713bab88cadd3d836eecc5987403fbd1f9e95ca9e9805d39dc396536727
BIN/BOSS/BOSS049.EMI	731136	1ddd3df0cefbbb2203025a6993e45b6a085b8e4902ab94d624a1f1671fab1853
BIN/BOSS/BOSS050.EMI	739328	2ddc218810383e512de408aab4f50396a8d1bceaf54af053b31919e24819907e
BIN/BOSS/BOSS051.EMI	749568	68214675736e6eff4b7216ba9e48300173047dafb8d09714216f6443da8b1e37
BIN/BOSS/BOSS052.EMI	745472	aff72767b1fcdb4749dad496e9e69c5e106cd152f21a31911b18c87bcc2ee220
BIN/BOSS/BOSS054.EMI	757760	8485e1570087726353dabcbb44273c2e9bd0dc315d369ea5d5bbd1acc94f61ad
BIN/BOSS/BOSS055.EMI	765952	7e7ea38ea1871b51364672fcb942fad0cb9241f4417ca5722516ac2f18e6bb09
BIN/BPLCHAR/BPLD012.EMI	307200	984d051ddf5d1ca0db459ecb96e600e7a17663c61f3ec2670a4c8ab971d11868
BIN/BPLCHAR/BPLD015.EMI	307200	970b7cfd4850a37602bebdf0ea6f0b4b94c6962aace31328c7557a8282dbadba
BIN/BPLCHAR/BPLD016.EMI	266240	b479155f82d8816b16a7b93f5966046ee3b883d2a68ed27705e4ad33047da50d
BIN/BPLCHAR/BPLD025.EMI	335872	0931251b52196a830a1fcb97ad8f83b7f37180501b0eb7a9a713dc2ee132644f
BIN/BPLCHAR/BPLD026.EMI	296960	3d49cdf433dcd7b0e9962b8c8e31931cc534eb10321c7023520d034a0dc1a5fd
BIN/BPLCHAR/BPLD034.EMI	266240	d12bfa12cee1f779b762f3ccaf36fd903c4db3d514f490588a9d6b1433eccd1f
BIN/BPLCHAR/BPLD056.EMI	294912	b6fbf95edaf87ede2cf78ebaa6c5fd54383c92230b8bb5b7664513a946ba085e
BIN/BPLCHAR/BPLD247.EMI	335872	0a9770f249930a3e172c11e15e951a79bcfae33a086a991e78a9673969c711af
BIN/BPLCHAR/BPLD257.EMI	352256	eaaf6f1ebb4927ce9878770e8320c8c0ceca11cba9374be4bdbc96782cdc0c52
BIN/BPLCHAR/BPLD267.EMI	313344	1c0517f077e0e7c97c7990003c2c84617af98c35d305f2de338804c575ad1253
BIN/BPLCHAR/BPLD278.EMI	344064	7f4ff9b5a7f00e4f2f2a92bf4119a046e0141411b66ec3638a97ae32785fb810
BIN/BPLCHAR/BPLD27A.EMI	268288	de9051112999b65cbefb83418ff63d1d691115fec47d980fd491781c5b327779
BIN/BPLCHAR/BPLD349.EMI	133120	190edeab25a264a9e8e0a8c64c2e2d5fa0e867e7194e14d2a7b0f2041c50b7b2
BIN/BPLCHAR/BPLD457.EMI	333824	76ef3c18753447aa4d96a0ec4cf536f0c8926c92d6e9e94aacecfc37cdfbf6c3
BIN/BPLCHAR/BPLD467.EMI	294912	b44eccc1593ebfaf07070546380a1123241c7a40966e28f06b50d97e022b446f
BIN/BPLCHAR/BPLD478.EMI	327680	a1ea330cbc9c8a168efffc3f303a350e0322fc9ecc87f4c3e1b826a5c854c820
BIN/BPLCHAR/BPLD567.EMI	311296	7caec5c818bcc6e16d5cbb3af24375212ddfcd50e8deaed9d68fb59d2102f774
BIN/BPLCHAR/BPLD578.EMI	344064	154a0b16963978b4c241a7bd2a2fc7bac6a11620ee2cd3d9268797653be2bd18
BIN/BPLCHAR/BPLD678.EMI	305152	09b99cd5d67b170fb0f8c1ff8c6b2e2d17a1c22c56d71139f12647254d3ad52c
BIN/BPLCHAR/BPLU012.EMI	305152	f69a8250c44096c72595c99581c8cb48514e220742a514037e3bd76bf7e2e813
BIN/BPLCHAR/BPLU015.EMI	309248	63f148f021385684e7139fb29e2b065255a3798ebd0230571dcd2e6eeb1e51de
BIN/BPLCHAR/BPLU016.EMI	264192	74de512f2be26dc330a236c3b1bddc59f6693b1d33199318d3681a724a54d92b
BIN/BPLCHAR/BPLU025.EMI	331776	2a4d3f6ff4c888766d10f7aebcec75ecc157de1d242854274f5023aeb24cc590
BIN/BPLCHAR/BPLU026.EMI	286720	1ddc7b80f80ffea2805464501d9fca07763ae3fd6671bbc51703e1335b37fbf6
BIN/BPLCHAR/BPLU034.EMI	270336	1a1992a5d3956932926542fb5d040c926000d30bf5c1bb0aed8e2b1a08b16464
BIN/BPLCHAR/BPLU056.EMI	290816	e558325ca530221d13ab8178c6018b531b4c1a1c82d0d40ae34c26d766666a9a
BIN/BPLCHAR/BPLU247.EMI	333824	718f1e3ea1ec69330b2815881b21af5135f613a006bf7b86fe99b644643ade72
BIN/BPLCHAR/BPLU257.EMI	346112	5feb37529372835222546e87eaeb5e288ddd517e63704a16ed2d39296a72be09
BIN/BPLCHAR/BPLU267.EMI	301056	b573149249dfaac3fc5bf222a073d51f35cb02bad760c4b0fd1c09b70c2c2209
BIN/BPLCHAR/BPLU278.EMI	337920	ff297e48a1893ba9830d23550d00adc37233170afc7e1829afe8de00fb657969
BIN/BPLCHAR/BPLU27A.EMI	264192	924af23f329bcea6ba4c7b676a212fbf0f57ee2cb4b305a27489560016b7ffd2
BIN/BPLCHAR/BPLU349.EMI	335872	9bbbea3f51e148828b7854eeb900ad93816f4f65e8921358ac2072034a903da9
BIN/BPLCHAR/BPLU457.EMI	337920	93c5b9292baa2a7c4f8fcc0d40adc71cf279520f78e99f93e73640f63055f1cc
BIN/BPLCHAR/BPLU467.EMI	292864	6cecc1d4d790b36ad9f1e9635fe69419ef7c7a20f2b4244dc24d2384f2bb1d5c
BIN/BPLCHAR/BPLU478.EMI	329728	ab0d6ef801cad866137099b3a7e5d970c9dcd538c89c4b1a07f5e4a42d9a6b83
BIN/BPLCHAR/BPLU567.EMI	307200	cd8167497fa79d5802823f4c542ada0b93b4c5647527373c68d3294dd3ca4d75
BIN/BPLCHAR/BPLU578.EMI	342016	113f9305ab24b64efaed20aae526c451fe456d3709e4936a4ac59010bd31241c
BIN/BPLCHAR/BPLU678.EMI	296960	c7ddc0ef08d67f55e83675804797fee6a6a2032a69d332b2ad36a737e8a48181
BIN/BPLCHAR/BRTD247.EMI	294912	fcbe86d5975cb4f3ba436c6317e398931ae76c7c9e599307d6b525a52ddeb2cf
BIN/BPLCHAR/BRTD457.EMI	294912	38c77239c85ac110b0bc39a1f7d343a0c5ab3c1c92493ac6891322c9e6a0a8e0
BIN/BPLCHAR/BRTD467.EMI	256000	d5b339fe8518b04b7bbb3932294987363ed3ec7940cc068da59aa9bfe27f41c5
BIN/BPLCHAR/BRTD478.EMI	286720	28ca1483091eab56c0946c3222303949c1daf4a2600f06ed4a5937ff3ca206ae
BIN/BPLCHAR/BRTU247.EMI	286720	5c6d32c7ec94194c787474f80e0bc1e35d99e63cb322f98adbd217001b61eafb
BIN/BPLCHAR/BRTU457.EMI	292864	f2e84f6488935b4bab73a030f9780844b8c8eeb929e7db4217c050e6f033768f
BIN/BPLCHAR/BRTU467.EMI	247808	a2d9548ee72b96040b469e2c6876d899a506033d1a2e609c70d16116b192f14d
BIN/BPLCHAR/BRTU478.EMI	284672	99cdd60e81a3b3e107ef6a1d9c31dcebe77987b8f4d100c50dd14b7f46110a50
BIN/BPLCHAR/CRYUD00.EMI	151552	abb1bab4527f06e7ad5592c72b96de5d6bfdacab98b8645acaa024fe0b1015e7
BIN/BPLCHAR/CRYUD01.EMI	153600	4b954b6ed3c7b9f79ff4a8dd933bd20b688b880cfa5c206e8afd5fda2e5cf949
BIN/BPLCHAR/CRYUU00.EMI	151552	3a066df6279d6aa60b8781a5accbb0cc2e785ade9fa8c492c314182453cd13f7
BIN/BPLCHAR/CRYUU01.EMI	153600	4b901e4be15d9e7433c3478fb765ffd08df1b725caa48df3eb98f70f640c935c
BIN/BPLCHAR/DRG00_00.EMI	86016	573cdd36b1c262f6eb2fbd29354eaaeb28db2b55c21b1a76a712f11391ac9575
BIN/BPLCHAR/DRG00_01.EMI	86016	ba0a017aa328cafccef00d55ccedffa3b5ad4b977de743aceb79b6044586b12a
BIN/BPLCHAR/DRG00_02.EMI	86016	bb3c9d2c360906a4160b0be67cd4b0c3d0035a58ad4e5fa464613b125eedd2c9
BIN/BPLCHAR/DRG00_03.EMI	86016	9b8f4a6cbf372908fa539a2e23749bf9f31f32c153b905ff74e73b23cc876239
BIN/BPLCHAR/DRG00_04.EMI	86016	33efd6406cb90a54c19e10b62c7de1a1807ba322e62e1db9fa8d040f96e8dcde
BIN/BPLCHAR/DRG01_00.EMI	79872	df3c8dbf4bba2bc0b97588cf3500bf55845ddc9d93aff45534ccae6dd69d6397
BIN/BPLCHAR/DRG01_01.EMI	79872	ff0e0b5f9616fb2b9c5c279982ac5edbc561040341a57f5f12cb129d6d41f811
BIN/BPLCHAR/DRG01_02.EMI	79872	355c6d4cd80296c31e38be1001efcd539dd2a4b6213d77c5de7cd6b62f7cabc2
BIN/BPLCHAR/DRG01_03.EMI	79872	28665e7d4f23774a078d257e5c8709741433069d188494c302a0858aab61ae0d
BIN/BPLCHAR/DRG01_04.EMI	79872	4acb67b92a9f3ec6646e25e0019b9e73a1f6d6907513e1ed320b47f09df6c137
BIN/BPLCHAR/DRG02_00.EMI	94208	bfa3b0a1484173b95405fa0fb5cafab72ae8913d4bb6eb2c63dd704c0f17afca
BIN/BPLCHAR/DRG02_01.EMI	94208	ddbbf412ffaeced25c067e370fad450a0039965ef73935ab776d87add3d24d0c
BIN/BPLCHAR/DRG02_02.EMI	94208	5da725e486f590a3c1bde7ab8e5896ac5bc956d187225c875532d2e38ec7dbfe
BIN/BPLCHAR/DRG02_03.EMI	94208	a0ea203c53d243ad4bd5d482c2d13fdde557c57954c2994ca1789e3f2e0e2913
BIN/BPLCHAR/DRG02_04.EMI	94208	01ca1d97dfacdb14626efaf0e209ac8ef36d8674d62b680142fb59cf1ecfbb19
BIN/BPLCHAR/DRG03_00.EMI	118784	704be01b48cd6f8653afea3500beaf38449ac241707c1c3e81221620df9b1522
BIN/BPLCHAR/DRG03_01.EMI	118784	3dfefe351d70be853c8d14084fb525d1b4b0ff9a83130acd6422a1edcdde3856
BIN/BPLCHAR/DRG03_02.EMI	118784	368ad906b29a1e89c70d6846e85f7e11d4fd73a2d7feafe3fd9910da93030b9c
BIN/BPLCHAR/DRG03_03.EMI	118784	bbb1d1cb245c94e9b06945f8820e48517c93ebe7897c56b0381cc3f23e74f678
BIN/BPLCHAR/DRG03_04.EMI	118784	5a42d249fe068b0f8f28c435f65f0b5931d57318036ca0768330b3dcb243f98a
BIN/BPLCHAR/DRG04_00.EMI	339968	c2ab97b64c9ebbf7f9ce6e3d3ba712c733a4d5a54eac15b0ba18c2eab63be3bf
BIN/BPLCHAR/DRG05_00.EMI	110592	3eda3859b19da0e97dbccd7049810528afbcef24454122d9f68df693e85aff55
BIN/BPLCHAR/DRG05_01.EMI	110592	e070349850d03da935ccb56fcb6fdff274741d65d606b842057fa35b9a2d3792
BIN/BPLCHAR/DRG05_02.EMI	110592	1e435eb291de07bc8816c08d92f0a5e089bd33fa6088cbdd073bdf6f7db058cb
BIN/BPLCHAR/DRG05_03.EMI	110592	c827f38e5c247d818f69a6a8e9e9ee6488e9db8110aedbb569eb8e2ddde3d868
BIN/BPLCHAR/DRG05_04.EMI	110592	0d9e3c2eb544eeb20489d7006ddb6157a3ae212a56f3e204453dc155989c14f2
BIN/BPLCHAR/DRG06_00.EMI	268288	3886a3e4156ab2a0a02a42076360087bf5c98ce4744205e0ed2efcb0dfbcebb1
BIN/BPLCHAR/DRG07_00.EMI	81920	6314271f4bb1ffd8d6f9fe6ffd87b238847c8644e795a8437d8b918590d7f3b4
BIN/BPLCHAR/DRG07_01.EMI	81920	158964bc2a8df9b3a97282e98db22170d6b145dc701a8b6aebd17e30ee12856a
BIN/BPLCHAR/DRG07_02.EMI	81920	3e7d9871ca08898c4034415339ce01341af7a3181128f46650163a83bd36d291
BIN/BPLCHAR/DRG07_03.EMI	81920	25cd89f53d08a4c0dd1e023d076e79de49b0a7484a3ed1d15de32e3cb4d4c434
BIN/BPLCHAR/DRG07_04.EMI	81920	3c55bc80ffe8b858e771d9c796b772adf477f181046f20e1fc68060a9d7dfc41
BIN/BPLCHAR/DRG08_00.EMI	106496	306b731c14e51d7aece1796c5b34f61fb247dbe3d33134462a44709f39552cdf
BIN/BPLCHAR/DRG08_01.EMI	106496	2bdcc8ee43726f7391ad9b1aa18637fb4de019ec4b104d9239138b3c5b28b0c7
BIN/BPLCHAR/DRG08_02.EMI	106496	cde6ba7a23b79f967b4a1417a4a867bb0d754324c336e128f307da46fd27ebc6
BIN/BPLCHAR/DRG08_03.EMI	106496	8ef117820a0a3296843d82d6e671feff5f23f163042dc7b93b05ffb0dbaa98e2
BIN/BPLCHAR/DRG08_04.EMI	106496	3ed85890362468622e0c3f2a9be35a79bf330962488f672ecad9758102202dcd
BIN/BPLCHAR/PAPYD00.EMI	45056	27d61996bdec926978921ad80e0eaab71c9a33af7f53b7d7fbde3da7717dd1d0
BIN/BPLCHAR/PAPYD01.EMI	45056	00381f5d515f83101590bc9c6456afa7059712621952c19b0d4dd8b361f17168
BIN/BPLCHAR/PAPYD02.EMI	45056	a1df2e21117869f9de46746897d806228a271db7888a58a9410b0effadc033eb
BIN/BPLCHAR/PAPYD03.EMI	45056	9ec94ca4c2d80b34b7faaea8a48507cfd24c07326550d09af1e1ae38f1ea4326
BIN/BPLCHAR/PAPYD04.EMI	45056	6d6ddbde76da2b198507d5da22e9b868994e3af8d04b6f9f03327323255bde10
BIN/BPLCHAR/PAPYU00.EMI	51200	cbf21fb7a2badc8fa4fb899800fd2ed8a38d3e547f79f956e618c81646cd57a2
BIN/BPLCHAR/PAPYU01.EMI	51200	68418d2853e6f3bf9d8736b742d4129088bba29315dae5584ef62edd1c5d9b19
BIN/BPLCHAR/PAPYU02.EMI	51200	f15d6a4556b7593ee3f661def45a49ed5de98fdd77a29a305f3c5af94599891c
BIN/BPLCHAR/PAPYU03.EMI	51200	488a0056bf750c76b86329e375ce5796ef7ab8cf49dde958c64b0b043dc74b7e
BIN/BPLCHAR/PAPYU04.EMI	51200	7bd40b90baf68dc7e30a6d53e664a12972e9b9f9446ebdfd37c9d8966fb08e81
BIN/BPLCHAR/REID00.EMI	149504	231558a7fb4aab5a29ea0367dbc37b8dee9b078669e410b764454249a892bbf9
BIN/BPLCHAR/REID01.EMI	149504	78be77114f3889112cee3db8fe5968aa9a83951b9adadfa9138a01de3748ab14
BIN/BPLCHAR/REIU00.EMI	149504	1b22d30a5ae9b27288de62b051ee97305af6431e199b33297153b7c5160db654
BIN/BPLCHAR/REIU01.EMI	149504	4a9949e2c8e9e783772197523d5b197a95503f87421026c4b518c7c7fe643631
BIN/BPLCHAR/RTD00.EMI	137216	b2a8458eb9e5d760d073ff6533245edf23b4031b8276c135fba70e5c5c4f2be0
BIN/BPLCHAR/RTD01.EMI	137216	ea53c03e2022f1c594b2f2e19e6bd366ef934f98a2bab85b83e37f719684b53f
BIN/BPLCHAR/RTU00.EMI	137216	58f1527a23f9724c824e876fc73ea70d8c698586828d1f2110e52b6a41fa2b04
BIN/BPLCHAR/RTU01.EMI	137216	85aa1b723f1992ac047419b5c27e3d6f4b66a19bef2c16168191dc1ee5c89e99
BIN/BPLCHAR/RYUD00.EMI	151552	8dd830a7f6e5e829ec883fde35e31a5f6361b6eac91e755dc60b76cdf3777037
BIN/BPLCHAR/RYUD01.EMI	151552	d5bc0d637625d90e4fdb0701af593c63173a9bfa173db5b73352e7918117a70d
BIN/BPLCHAR/RYUD02.EMI	151552	fa813d78f1e11a13055d66a613c063199138056d8d3252665bdf79cf720f8546
BIN/BPLCHAR/RYUD03.EMI	151552	181d5ccbc3df940a130749ba54fa0f4bc0e1f9d94379db61725677a41b7a07a9
BIN/BPLCHAR/RYUD10.EMI	102400	ab130374e118b987e33dbdb4e993aec849637d97bb4040d0ff021910acb69f53
BIN/BPLCHAR/RYUD11.EMI	102400	d55db3a9eeff280d54fe841983e7e63c8b437fe2eeeb3d7f4cf3bf2f7708edc7
BIN/BPLCHAR/RYUD12.EMI	102400	6c72591c6a3b697531c5751e3a4e7740792a4045b19d43afe80bd0b92ca3209f
BIN/BPLCHAR/RYUD13.EMI	102400	da3163fe7fc909a395b3feb3e84ff5cf8ef3b862b8fbf417b428ce55104fc417
BIN/BPLCHAR/RYUU00.EMI	151552	0310d9e68b38ad8afe88fe77764f1f0ed2509d28aefe7632f0cf755caf9b3277
BIN/BPLCHAR/RYUU01.EMI	151552	4db9885f9b9ea53bfb267edb203b4af84ced3b2919af26a2b1469eba4cf150fe
BIN/BPLCHAR/RYUU02.EMI	151552	a4b8be0cdee7c34bf75562f793f335e71976797746afa1c76252c14fde750fca
BIN/BPLCHAR/RYUU03.EMI	151552	603ea51bebd478afabbd8e9767deff7fc67579707500f6432a570eb71ef718fc
BIN/BPLCHAR/RYUU10.EMI	100352	be2fff57a91e475d96dbb2f2876180e285602e0cd974b2ca556d7cf4d629e54d
BIN/BPLCHAR/RYUU11.EMI	100352	e8aa681ae4a158956ed4a6cdf74987711c9158b7568d77818f27dc92dc94b2af
BIN/BPLCHAR/RYUU12.EMI	100352	950bddff5b5a33c881c2ed0924543ce94ecb56053cfad81608089cc08796d47e
BIN/BPLCHAR/RYUU13.EMI	100352	a0d5d60a9b6545344550d55dd37d75975e89292c259a800405f760966de346c3
BIN/ETC/A085SE2.EMI	198656	0abe2f34eab07a100b20e53aa47ca18d93468c6e144affbe425836535b54e076
BIN/ETC/A108SE2.EMI	178176	fd47b10d8488c153f01cf45dbdbf4ba8d508e11d82d76fd428bc9daf647ee73a
BIN/ETC/AFLDKWA.EMI	16384	849dd36b3e129867eefa9309fea4620f001c6a0ad8532af1e4c2e9f2d7d9ac1c
BIN/ETC/BATE.EMI	178176	546e9e5b748ff877492ab2966d298fbdbf243f4d4015ee3ba7dd4638fbb2d4ac
BIN/ETC/COMMU00.EMI	18432	164e9e72422ab43699f25a8ce5bbc85f11ac98326b34270bed5bc08b81b6cd2b
BIN/ETC/COMMU01.EMI	161792	6c3874d2aa0935242acb0ca981f0610453b70fbb1e4016666fc1d6cbcb0bf092
BIN/ETC/COMMU02.EMI	188416	a3b20404b13c270ef6a540018d849ce50145c78a0cfa9954a052d6b5f2e2901c
BIN/ETC/COMMU02B.EMI	186368	33e58f0c4af17caabaeb98701f6d0ecab99fdcbaed6daedf0f165bbf61aee048
BIN/ETC/COMMU03.EMI	114688	ba3ccbb729f6f760631f9b4e84d99b735d6fc6be57a5babb3c66e547f901aa29
BIN/ETC/COMMU04.EMI	114688	b36d3db6107098ea505ea938ddb3bcca6a17c4a3f642c671d4c89c5c8ced05d3
BIN/ETC/COMMU05.EMI	147456	469ab545067d5869c977bdc68d871e10faddaef5c546e41a042a7cdad1100d22
BIN/ETC/DEMO.EMI	968704	09660d945c2f457402a2b53678dd722650e6374ebb0fb73c2fc6ab8f2ca57987
BIN/ETC/ENDKANJI.EMI	67584	9caf013bb547e38104b22e7dec1d509d6993634d2db2f47c6bb4246cf605c087
BIN/ETC/FIRST.EMI	325632	1f7c0b7a8271aad81ee6d875bc9369e081bb6f356f015fb4490a7d56d845504f
BIN/ETC/GAME.EMI	237568	5cb314f0abbd3953b8ea94c57fbd0c240dc12a6545b54e2891ecfe95665fa0eb
BIN/ETC/MTEST.EMI	6144	eb41c816877bbce94e61b8e95e894ec1c8b281c51205b37dd2b459330b046a8d
BIN/ETC/RTEST.EMI	8192	43ce8b9559e9f3e4c1d8f11ac90f5a2834b12a15331b32990c2005018e061907
BIN/ETC/SHISU.EMI	182272	b4dbe9309fe2f890ffa09ba4e9f3061a1a0ead46a8ddbb55fa1cf65cd9cc5e8d
BIN/ETC/SHOP.EMI	237568	067559c89277c35e7e6076393440324d023ebaa43f3048711acc1e3db1f4c332
BIN/ETC/SISYOU.EMI	157696	7a9b75dd29b17791d6a5557772928f3789090ae26662d64dbe52e0effaa8d3dd
BIN/ETC/START.EMI	518144	a4d7b26e1d6ed6406b2e4e6e42cdf99b58cb34dcb77be6761c477676927f952a
BIN/ETC/STATUS.EMI	262144	4481c8bed9347a27941da7f98690b2eb7016fd54dbec4dc21c235d0ce0626db4
BIN/PLCHAR/PL012.EMI	366592	7d1f9edea2a174babc3c01ba38b8445cdbf6dd5d771e0dffcda3a376d555ab7b
BIN/PLCHAR/PL015.EMI	327680	0a0dcb36f5ee59fa47f8e0ed5830757942fabdd928cf1acac96c43a5b34e3589
BIN/PLCHAR/PL016.EMI	251904	2986d34827261e5450173c6d426b5ab6b4f5063f0bcb6ca5d90b9e2ad2021382
BIN/PLCHAR/PL025.EMI	405504	1079a039fcfb64e2a7dd9e9cf2de4866f416e5047a86b52966e4790d7b39c8aa
BIN/PLCHAR/PL026.EMI	329728	fb3a87d634ac992e06e83e11a568f045ac22dec22481bf4fd8de9470027c8e71
BIN/PLCHAR/PL034.EMI	311296	ad343b25f31a6a7489ac0c6dec4b892d08ecb45fff0338bcfce19a7899952633
BIN/PLCHAR/PL056.EMI	290816	2a278845f9f7e581decc30d713ba350a24e7d4b3b094f5fc50be90cfa1264061
BIN/PLCHAR/PL247.EMI	399360	b53db152611239bc9b6eb0ae396d2c8ddcd60cb0d1d3c41b1d42f9013246a484
BIN/PLCHAR/PL257.EMI	401408	880d466983aa7e82f31d313b91d278cffe0929711a93ecadc9b8de1d56d9de0c
BIN/PLCHAR/PL267.EMI	327680	203f072c71529c3ff8a897824f3657b116a9898bee2830638a10c81801dff9ab
BIN/PLCHAR/PL278.EMI	387072	61bc9cbe7e4cfe7c6e1fa888b55460fd1cf9d8b01398a546383f4d7e5b2e8947
BIN/PLCHAR/PL27A.EMI	315392	c32360b75c98e94d0202a30bbb17d83c60736a58e25d87bea6a9544fe14f2c17
BIN/PLCHAR/PL349.EMI	272384	f0891002700021a7b392f1074b0aa23d80325086329e06486ed6d98bbb2a12d1
BIN/PLCHAR/PL457.EMI	358400	7f1020f938ba9b3a14cea1b1b07ef7f75a6b181cf4f56b8755f546f1a27d0fc6
BIN/PLCHAR/PL467.EMI	282624	80e98653b5e9aa4698f495bdfda08c56b872b954439b8519623fc158afe13d18
BIN/PLCHAR/PL478.EMI	344064	ec9e11e72cf935b6ef4ac341f2830a43ad9ef770d3a0e2ad147e08011e3b79da
BIN/PLCHAR/PL567.EMI	286720	d1e8bb6102018720d3939bc0c118579b3926e834d46403fef082c4a538b1dd48
BIN/PLCHAR/PL578.EMI	348160	a7c03a873433830a9628b065947e95478e6c09bd8d042b48b37abea5ec4bbea2
BIN/PLCHAR/PL678.EMI	272384	28ecf50ba0b642cf2bc5c68d284c531f7d92550753f569abe118428acbb14ece
BIN/PLCHAR/PLP012.EMI	10240	6d68427afe6ad6909bcdd086b8594837b30b6c8e422bd9099a2e191f2b9b1e4e
BIN/PLCHAR/PLP015.EMI	8192	21c1a7e68d1e06722a10ba63a1c701284ad9a01ab5af8c513d9149d0188c445e
BIN/PLCHAR/PLP016.EMI	12288	14029d61461056793e084d825b7cf20c02e90b785c28b0cffeb30ec84c50714e
BIN/PLCHAR/PLP025.EMI	10240	e8c22a2c7af66ba66f5e4a49f0527bc51d249d7a8e2167e062e0c6fedc6e39c7
BIN/PLCHAR/PLP026.EMI	12288	a16575047e69f50328ec2d08b7d2e0c022d02d5c9758edc0b03059d28f24288b
BIN/PLCHAR/PLP034.EMI	10240	03c8b0e3c424ae54536c6f5fc7d5801011440dd22bcb61c20c10c0b7ffda7de1
BIN/PLCHAR/PLP056.EMI	12288	65a0c1808925897143d13d49a1de296f93aa9ae1b2c986952f2d8ec9d11df061
BIN/PLCHAR/PLP247.EMI	8192	962c3e2c0059f278d6829b34a71ec469dcfe29c4e8b755e1ff84c342673f0373
BIN/PLCHAR/PLP257.EMI	10240	b7fd32b7f9a4ccb273e34ef0ee5672c5c4a41d239f953631e6df6ddbeadbb370
BIN/PLCHAR/PLP267.EMI	12288	0dca7c0c91d79fce54f0fd4e651499b1f2fc48b91fd86414338ad05d24918da7
BIN/PLCHAR/PLP278.EMI	10240	c271c32fa424ff270b0000b1f7b91169ee149f3943dee37cfab23c5cceb33f2f
BIN/PLCHAR/PLP27A.EMI	8192	6aeda0b4530c2617e27d196dd14b36e3c216bf1057880f341bf0b5661db5091c
BIN/PLCHAR/PLP349.EMI	8192	8c031bf298df61ffdec1bfd4b6f151a3df2a7ade844f55f5071ea61e1272925c
BIN/PLCHAR/PLP457.EMI	8192	4fed528c1dac1bc419859ac913265176071185ced752fec3ebff344184c665bd
BIN/PLCHAR/PLP467.EMI	12288	8761ab7a81e0459b73280be401ca73f6b38ba9f8adc1602bebd928123dd58e08
BIN/PLCHAR/PLP478.EMI	8192	1b26d419c46ae6c77e4125422015eff3951f088bd6428ea869b6300af9ad9964
BIN/PLCHAR/PLP567.EMI	12288	794fb33a520dd5923412770e0f5781d01bfbc68d7bfc1eb1867def3191ec7076
BIN/PLCHAR/PLP578.EMI	8192	9ee30be4d1ba1fe69190197014a90096a83c7690465a640fb32c2f22b4dab23a
BIN/PLCHAR/PLP678.EMI	12288	eb843e93de0a69946617eb74f00b89c0ad258e8ec9884393f54834102eb4aa6c
BIN/SCENARIO/SCE10EFF.EMI	10240	ddd181f016bb5b1e9db7eb3936d0d7d559f5b4130e7733f2fcfa35e0b0dab088
BIN/SCENARIO/SCE15EF0.EMI	8192	ed4c5c798486f3573d93cb6d326d3a92ae3b9d09b0010eac771f82b5e6d48894
BIN/SCENARIO/SCE15EF1.EMI	16384	53624a8d0be8cbdfc385d8f96ffe94fd830ee4a1f01d4f0993066d7bfe3aa3b6
BIN/SCENARIO/SCE15EF2.EMI	6144	277b70f37f18d95e3887dd5295dcea8f0500ff7b5df334c3d494f2cfe494b4dd
BIN/SCENARIO/SCE15EF3.EMI	10240	b93da1ef2d5be5fe126c81358222ef7914a6e3f42573afd366156c1882a74f51
BIN/SCENARIO/SCENA00.EMI	30720	5173e53c6f74b00a7adc6ff322e71a37c071865459620541cd2d47388fec4d73
BIN/SCENARIO/SCENA01.EMI	32768	104670192e7f9d653f297b3e362be1c9d91902828d6e1385343fa62ccdcda16b
BIN/SCENARIO/SCENA02.EMI	32768	16c4055df4e2949ec0face3266b1f6f04d419384a5d36efb7d535b0d03a79087
BIN/SCENARIO/SCENA03.EMI	28672	cc98fc7ae995f8167eaa6d2a5f6a1441f649b73df4635007c62df8f31744ca03
BIN/SCENARIO/SCENA04.EMI	16384	e05cc7e4e1fb5476f2144f46875f7a52775df23bd75271e55dceb8d211df1f2f
BIN/SCENARIO/SCENA05.EMI	30720	3c3d5440936f7e125626aa839b0d56208e2ded8247a17194b012d2346d237f2b
BIN/SCENARIO/SCENA06.EMI	34816	3c102ec2f522cbd2a65861b36a06613ab12812940cd0ac8aa3c4325c3b20e4aa
BIN/SCENARIO/SCENA07.EMI	32768	bae6346d03bcd62cacbb4a4ea39891d67e0db0fd2b009742c0e1c668e8a48a6d
BIN/SCENARIO/SCENA08.EMI	34816	9aa8899b1de6393c7805a0b42a42b12ff22898570c7407af0125bd5b42b7f7a3
BIN/SCENARIO/SCENA09.EMI	34816	9a5ee7870389612c2e0225dfcbc1dd2d8175fbab596fa259f02f6bb291da15ec
BIN/SCENARIO/SCENA10.EMI	34816	8fa871c4cbd64941a5c48cab152ae25538829d750a30c34e720e55acee8eb339
BIN/SCENARIO/SCENA11.EMI	20480	07b2a75011d44e56f0a5cd773312115fd4f3eae61029affdbd9495b4d9737134
BIN/SCENARIO/SCENA12.EMI	28672	48323102efe3764286d7220e3521897c362192d3d16e2236b3fcfac9c0834612
BIN/SCENARIO/SCENA13.EMI	24576	a947827581fbc31dc9ead5318469cff9492aae2c9f4d3328967d462476b9a0f6
BIN/SCENARIO/SCENA14.EMI	26624	71a7ac038d7e917cd1037536af1d582d1b7b75821935054f0dd580d7dbb51d71
BIN/SCENARIO/SCENA15.EMI	34816	4fe71ad530e1e8ef395baa32b2bbd2fd848c6c15bf8f035aa135918a1a91516d
BIN/SCENARIO/SCENA16.EMI	10240	2bc46cc629f5e476f8dde1838162a5969c757844b2bcc5cbcf1590de2b2bb1c4
BIN/SCENARIO/SCENA17.EMI	118784	c10544c1d8881f804079e9e7494abacc294be5a1063719a85aad1e6cfb6a72b6
BIN/SCENARIO/SCENA18.EMI	4096	3bedf07754f77d1abf3953cc165117aba54dd07e082a7236842f512190a30ba8
BIN/SCENARIO/SCENA19.EMI	4096	5e8806ad7bc99b6b8906434ec8c057cd7674c58db7619d1993fc1c1e8c734da0
BIN/SCE_XA/S_XA00.STR	82771968	db7333327015e66ec030c7c1f2469225887e4ba08df66033b509e9a0ef36bf3d
BIN/SCE_XA/VOICE.STR	7241728	878e1b5e661c676d15ef313a0aece29d4609705fb86414052c75b024eb005588
BIN/WORLD00/AREA000.EMI	831488	4c2e22ab7abb8032ed3a636deff2c889ebb8923baa8f2b28ff27bf9fb68bbaa3
BIN/WORLD00/AREA001.EMI	811008	2c1145267bb71720d226a45c75b73ddd333627024cad55ea0aba7a71dd4c48fb
BIN/WORLD00/AREA002.EMI	804864	b7b7e282f5ec2ccc6aeaed40433542071f8438d227b74a15a703c029c46da009
BIN/WORLD00/AREA003.EMI	774144	b6f34ed0b36b09d558f397940303499cfdd8258e7070bb68ff008292a3d9288a
BIN/WORLD00/AREA004.EMI	884736	7f8613be9daab7c792358bc0d3c2d418d12247b775493137fa62a682e9c4a7c7
BIN/WORLD00/AREA005.EMI	704512	e4a1bd0b152b6dbee392bb3f3a28c43be7d0e46ef33c07277f724416d622d7cc
BIN/WORLD00/AREA006.EMI	796672	c0dba019b7c71ffa542564ec9545cb25f4e2c641b7bb68fe60cdf7024c8b1690
BIN/WORLD00/AREA007.EMI	735232	dfe0596a392d75f3113e4520ca24719ab726076b725c40aa42ab86174e90ba41
BIN/WORLD00/AREA008.EMI	786432	f1f6df2f9e591b2e0315c2b60c603cfb20893b71c83dc3823c5c68f845c2b51f
BIN/WORLD00/AREA009.EMI	765952	c007dee6a8f91824b6e16ebf216f560c612c14e0657874124468604bb8b96f18
BIN/WORLD00/AREA010.EMI	806912	56ba8ad2afe1c0ba0b989bb15258bf34801bdbfd96d5176846552ada6b966637
BIN/WORLD00/AREA011.EMI	765952	ff40ae9bc0bacae48c0df906bb31f9c50ef951e178850deb2d7d4f7625624d48
BIN/WORLD00/AREA012.EMI	727040	919a97727ad55887e1a14eeac197c9c39e2a874dc771797db50bd9ebf13c56cc
BIN/WORLD00/AREA013.EMI	735232	62fd30c69925bba24360f62cc135ffe12319fdd1b1ad1db8c04e70e69621cd14
BIN/WORLD00/AREA014.EMI	724992	bb3f2b94b146cce024e4f586ef74cbd735b31436ae65db229c42e13b74f6d614
BIN/WORLD00/AREA015.EMI	673792	fc505f21ede576c961c8a30730157cf2ba668a9c77cabaec40fc3facfc2736cc
BIN/WORLD00/AREA016.EMI	811008	14b5bea21e94e9a2c80ef775be2fb7999a5c735e1b68094c7014609d37720d6c
BIN/WORLD00/AREA017.EMI	653312	60224c338a138d985262cc973b7c4cefc8cfe56490d0ba7acad8a58dcaaa1841
BIN/WORLD00/AREA018.EMI	798720	cbfe47d37d954eace097656c6c70d8a0b2ff2b1b15c4887df914412f72ae5fea
BIN/WORLD00/AREA019.EMI	643072	46f97857763943690d4941183e8b6e783d25443056bc4f6e4c581f2aebcc06f2
BIN/WORLD00/AREA020.EMI	790528	450d5a650b086071ce1d14c9c741cd6674926cd46c56c0aeaa667413cff0572b
BIN/WORLD00/AREA021.EMI	786432	1b58feb2bbf61cc1a2642904fe5984eafdf2adc85631c34199bcf38602e4274d
BIN/WORLD00/AREA022.EMI	849920	d1e815e691ce03763c3e92eac1ebaa970b2d5384e4e18c210528c4cbf7715a85
BIN/WORLD00/AREA023.EMI	866304	802ff91bfc72a20fe7d04cb02d3415a6296dfa0877ec825ff2cae44270003ea2
BIN/WORLD00/AREA024.EMI	894976	3eb933513baf33e13a153cbcc40b78bc28f74335873003e50fc8ce03ffdc095e
BIN/WORLD00/AREA025.EMI	782336	0702a507175c3b7f812bdd53dcdf4bf437b4eefa5703dcf79d52c120f2b5867a
BIN/WORLD00/AREA026.EMI	833536	95eec147c88c6a62e375583d07c6fcc6bf49d2768857252a709ea2138cb54ac5
BIN/WORLD00/AREA027.EMI	839680	280fb670707e63d1a3bd029f1dd52786e4cbe08cf845a0d4c3deca08ebf551b2
BIN/WORLD00/AREA028.EMI	843776	5152bc094534a96189ffa8cce58870a9eb3964b94e67c1cd250abdfe6a2e2082
BIN/WORLD00/AREA029.EMI	800768	f26588ed4258d473450d057acc580e216306afa68db01950b7062fb74dd2c0e7
BIN/WORLD00/AREA030.EMI	1005568	81d1b8ddd332f641d58e3e48a0ea3a17a8d561c6704c87ace9a01b61f6f0d417
BIN/WORLD00/AREA031.EMI	768000	6cd6f7ee70f479dd43bb4cbbdc9a6449c3b4367f125225da5e11be5acfc98cbc
BIN/WORLD00/AREA032.EMI	849920	f6fd940be8da5449790ba0847f38f3f033c17025be2b036b7eb707240ff8377c
BIN/WORLD00/AREA033.EMI	811008	764ad259c8738fae3338772bebded226e56bf72bbf529c3d8317909cfe80ddde
BIN/WORLD00/AREA034.EMI	665600	b92cae93500d33977c5bfeb040ad416b63586589eeaed6bd11343634aa96bbe1
BIN/WORLD00/AREA035.EMI	716800	fa8055605cb1b00049aabe29cab7bc484c69946778392b63f29e35e8c7464a24
BIN/WORLD00/AREA036.EMI	622592	87ae5b9560b92db84646227296dd74aa47378aff4f82a03184a454d43befbf48
BIN/WORLD00/AREA037.EMI	841728	ee3803525ba057ce127498fa1f16eec483275b5f8300441b02eb838a8d440c4f
BIN/WORLD01/AREA038.EMI	811008	9a7892c100f0f714c1f76d0f003a7816a361e25c7a95c3631c043bec30806efe
BIN/WORLD01/AREA039.EMI	823296	207f873a4a97fb5be069978144623477997d661acebcc4ed96536e1d98bfa49f
BIN/WORLD01/AREA040.EMI	804864	fc62824bd933aa1a398854267cb4b2f5902bd0158cfbe929465ff71a408c8703
BIN/WORLD01/AREA041.EMI	829440	78b8f1ad42c49aca3a561fac63cfac18cec9848c3c20db2a96708bb4bcee4b05
BIN/WORLD01/AREA042.EMI	796672	b14b27d8dd9f28edd9a9208a54894d4b37e050abd443a33fb743026136bddad0
BIN/WORLD01/AREA043.EMI	761856	3d823b167c735c0f03e26664381f1e64d141b59a7e395de96788a63037f8fbbe
BIN/WORLD01/AREA044.EMI	845824	24ac0007b86932e20d5a2b39c2d99d889a79a8afa6b3eb4495acb448908c89fc
BIN/WORLD01/AREA045.EMI	815104	817e98c2dabe5289c53e6501a92327a5b70c5e383dc16ca10b5f6d4951f95fad
BIN/WORLD01/AREA046.EMI	815104	dca59e438382556d2977efe60579e89bce668b6b972818f6a51946927c251f39
BIN/WORLD01/AREA047.EMI	768000	acad73e2c2c96c1bf9ba111eb6f8b3ac31ebe8ebd6e338c7a046eac276ca1eec
BIN/WORLD01/AREA048.EMI	854016	d518f47d60fad8eb853874e33094d1cb46374acb34915c719bd094f73fe4e6eb
BIN/WORLD01/AREA049.EMI	837632	06ebf3238b56a2c23706f7f41a42de0b9d2839405b129ac84fa4271b742a1573
BIN/WORLD01/AREA050.EMI	757760	3f1fe405b8cc137d3ff4fcf02fdf15784200cdc14fe5d86051ee3d8be6a9405d
BIN/WORLD01/AREA051.EMI	733184	9af01725758af96f9cb82095dd6f7ff1898f744f35e511857b4653128eb05cb2
BIN/WORLD01/AREA052.EMI	823296	7bb38b45e3c3e9075cb6290cf4875a8caae1ea441df4ba0ae74c65b9b6508f64
BIN/WORLD01/AREA053.EMI	618496	2d37b7175c2a5da8d0e4e67b29fbdfe56c64e9b178af9e65a9696b01cd11b18d
BIN/WORLD01/AREA054.EMI	815104	c8d03c0751042e5da93ea230ebb689d6f1614cc3862552ac944533cbc109136e
BIN/WORLD01/AREA055.EMI	770048	e677788993cf8aee45f20b8e00432054c77e25df10cbffd7e283e647707e0495
BIN/WORLD01/AREA056.EMI	831488	f0566004598043c035ae4ccdcc327e44a92bfa35e177b5447b3f043fdb0895f3
BIN/WORLD01/AREA057.EMI	839680	25815cc0f9ac7bcc05bc75ebc746c565477a525b9d10ec4b8f17e0f13f136ff3
BIN/WORLD01/AREA058.EMI	827392	08fb780029ad5f86ceda02fc91e71c78669209ab89237ae1253d2f00f52e1160
BIN/WORLD01/AREA059.EMI	630784	6810872a460e3a17fff7a9b91dd9d71a76102f6e830256df4c2d672d5a688878
BIN/WORLD01/AREA060.EMI	806912	334e81b556c70bed3361be64ab793730f4d2a0c7bd2bd8b4579390b88cdebeb1
BIN/WORLD01/AREA061.EMI	774144	db183a0ae7136ca4af5954845d3bc4c583102930e2c7dc9e080896d42fc7303d
BIN/WORLD01/AREA062.EMI	782336	7d6c3155b26843260b0bfd2363f936baabbbbf3a4f55df4f7fd97ba6e012860a
BIN/WORLD01/AREA063.EMI	792576	081db656729cf64d6eed64a6578b7910dae41c7a252a0b7ff08cc0d9688d7f59
BIN/WORLD01/AREA064.EMI	806912	bd7a12825dec81de89e05d9f10ae3f8253e7535fa9be3663e5c9171f56c2d66f
BIN/WORLD01/AREA065.EMI	794624	cb82b2ef3f60dbadecdb59bc8ec8d53d70af7554f0b742fb150cd6092a655421
BIN/WORLD01/AREA066.EMI	663552	db70cb86f3e57a27f3af89b47030057c10d4190b0d81d9978e87aed153314505
BIN/WORLD01/AREA067.EMI	856064	c0441baff6c87c0eb9b0d66bd811930db16a34e109f1e50491d71d313438abda
BIN/WORLD01/AREA068.EMI	700416	09d9192ca1b2a9876c3fb8e19d082d606118fd168f6c70d9e406180b92300558
BIN/WORLD01/AREA069.EMI	694272	c1f3cef3c7835fe7188bdac2e2e9b06a104ba1f38d60632f895cbdb81c4eec87
BIN/WORLD01/AREA070.EMI	829440	aa402344ed3320d5642183d54f6abad5f0de33b4047dc84a65cbe9e779d22db8
BIN/WORLD01/AREA071.EMI	831488	2fa21a1fe8281c38335d78217f08cf95229ec8b345cfc2763ea6fa379728a253
BIN/WORLD01/AREA072.EMI	802816	e12977bb99b3e7f6d9e682fd3b4ed9f280fda4c76575ba90388b02d0a126b7d3
BIN/WORLD01/AREA073.EMI	823296	5981ddc6e99a7a5ca6f9555093a3b05ca1b13ae78bf38268f5357099e7b57866
BIN/WORLD01/AREA074.EMI	829440	0fef14d46d0a0b60bd3f0d6599e1d3380ca8e0f3fcf0e84f4533b40344f08269
BIN/WORLD01/AREA075.EMI	802816	cf1579aba84ed62942fe17eacee7c8dad6aa59f9a230ea6bc2bff7af46364726
BIN/WORLD02/AREA076.EMI	819200	e81a617219f2984d58c75a605acebee72a33e78dfc0332e99948db901d3e6e25
BIN/WORLD02/AREA077.EMI	833536	33a566d4e31f88a49962ac0a01d2cc6cc2833f732b95521485baf819c2578b63
BIN/WORLD02/AREA078.EMI	831488	c8ef232330c3370b9ad3a498d14fbf259f94dcf943484a1258b7e896d10c7e13
BIN/WORLD02/AREA079.EMI	839680	831510edebc7ec1647fd234b2a09d8eab706bf97bb88585b832e2ef1748a1a1b
BIN/WORLD02/AREA080.EMI	837632	a729813e53fb0f1b4a0846f614624780ec6d3344121bf2e9cc0dcc9ad8ca68e6
BIN/WORLD02/AREA081.EMI	829440	703385c4b3c58ee942df75f43e0829546ef5c7e5d17f914971d7c4a24c227471
BIN/WORLD02/AREA082.EMI	872448	1ffacae6ddba1c41ca5418d403d2c3be440cf3a76bcc3b79634ba325a0aa9add
BIN/WORLD02/AREA083.EMI	860160	01c30434ca92ce0246372c4a2b04032100b10cc0f6a12da1af11e44454fa17fb
BIN/WORLD02/AREA084.EMI	851968	f39d067649342d0403b61e17ff2864c740588f04811c76219b32dec6daec153a
BIN/WORLD02/AREA085.EMI	833536	280fd6eb6916517b732c47386464363bbe3d376f0bb47c18c2d8008485c3f55f
BIN/WORLD02/AREA086.EMI	651264	d81adab5f848ace6821c8c487a9b8c61c31c2be57d4b7362d578b46380069c03
BIN/WORLD02/AREA087.EMI	808960	6861daf74f3b13d08723d070f8b341e0850ed247b09c7154497fb00eb972ca2c
BIN/WORLD02/AREA088.EMI	657408	18f8245a4b42022e1bd8ebbac3c36800f4e90bc0fc428db1e1771d9c6f0e7750
BIN/WORLD02/AREA089.EMI	1005568	dab504b54ed6f6bb0e9745342f84b0e1a086f70b6900aec19af4c65412ae59a6
BIN/WORLD02/AREA090.EMI	802816	04cd062a1172ebf4cafb68db6c1fce14c48d4a8af837c3e5cb1c699910508738
BIN/WORLD02/AREA091.EMI	700416	0873d34912d7b6a18b541c43dfda3855fc205fc6daf06e034f9eed1aff0404cd
BIN/WORLD02/AREA092.EMI	663552	0b1a26c1b64fb9635c7f4c8e5298ed8a99f54059981f37b2aac4fe15ff793956
BIN/WORLD02/AREA093.EMI	765952	718453dc93e96a52b3c81998a8aef582fe0b3644f6f9527ad297cd1fa4145fc5
BIN/WORLD02/AREA094.EMI	843776	b7efebf81fe7a1a38e7f6c07e095cac271a82692c86bb8b425f185a551133862
BIN/WORLD02/AREA095.EMI	722944	eccc419e04520f8e831f5b1f33cf5727da23b4ab06351c12252da3534fdc308c
BIN/WORLD02/AREA096.EMI	722944	7bc35ecce9efcbcd92be0554dd8580949b7db8c0dcdde070739be6488d547fdc
BIN/WORLD02/AREA097.EMI	804864	0e3cb7a8a8570389b5e3a8e0bd5345985d93f542aa0bbf0de944a11770119046
BIN/WORLD02/AREA098.EMI	819200	847a22b810eedfb83896ef1bf0d873b3addf1e42287b754399e18ab2bb879dd3
BIN/WORLD02/AREA099.EMI	860160	6f857fe6223b968411a451e221811575c1687b367728622f5c7168bfbd95795d
BIN/WORLD02/AREA100.EMI	776192	8abd3d9361e12636af4de758194ea6eac7ec09aedeb9a069063f5ff6e7c71855
BIN/WORLD02/AREA101.EMI	647168	cb55f22f02880233a3c25ced585f0d07abdd95d457b99deff6c526afdaf704e9
BIN/WORLD02/AREA102.EMI	657408	d49258ec4f67641551cc4777ed3b8dd2223302f3e83302498ecbb565005b1e1c
BIN/WORLD02/AREA103.EMI	841728	57f471bb446ca60f034d179de2a7141836c791d3fdeca3d1fefd79f663d91fec
BIN/WORLD02/AREA104.EMI	817152	543499add9e8b271802134f445c47b1b75479716dafe10cce61c5dbf0332de52
BIN/WORLD02/AREA105.EMI	790528	6b6be464f81c9cb9765b52b97430a42b77608364d90d1e53fcf04b6b79166ad7
BIN/WORLD02/AREA106.EMI	792576	a579245faced1fcfe6ef82f5e75615a3dc12421273333a05aa1acba7417aa7aa
BIN/WORLD02/AREA107.EMI	772096	3379409b99c1a4f1397a179dbf1540c7c0c8b3519bdb9df28a32f57c6b25db7e
BIN/WORLD02/AREA108.EMI	886784	9a491ec9468fbb04fd0b18d495d7473d4d7500ea01aa7d13c61abdbd9e56544b
BIN/WORLD02/AREA109.EMI	817152	d3191230b4b533fbcc1e8754003d6ffdbd1ed8eff39f57e5004f42e6964b3e21
BIN/WORLD02/AREA110.EMI	784384	bbc4a8a38aa75f2c0e0ec7e9685746e4f8f723062030e12266a98bc135db000b
BIN/WORLD02/AREA111.EMI	845824	0c569a58cdc76237ddccaf85ef566ff52d46c9bf51dc8c94c045211a3fda3b8a
BIN/WORLD02/AREA112.EMI	806912	d591a6bd1eba8da776252b568b8f58fe14526cde30a8391d526335734efa187f
BIN/WORLD02/AREA113.EMI	768000	0bd078203dff1744a147e9019887042251073b961bc355f7e664588427e42cb7
BIN/WORLD03/AREA114.EMI	780288	11533a2b268878c76c9741829a5790bae5754f082e53af5167273f2756e1ee72
BIN/WORLD03/AREA115.EMI	808960	98b5d0eb414572f411fe3b7684e697ee1aedf5c72fc4fe52487b3787b87ebbbe
BIN/WORLD03/AREA116.EMI	636928	057b3925dcd06b1399fc7a22e7fc6975e665abfb1a934f990810341e9c3a0a28
BIN/WORLD03/AREA117.EMI	706560	1deb70629f6640aae8c9b17449d0a6977193cc842d6e4317e0c730795d8add6c
BIN/WORLD03/AREA118.EMI	710656	af9950b261af6fbd018883692262f54501444470cbb4b7fdfa3bf01529e70553
BIN/WORLD03/AREA119.EMI	866304	54fb030472e4b9fc511603245ff4e9105bc7ed64f8e000ed7f5fc31e23be077c
BIN/WORLD03/AREA120.EMI	808960	df66607588f46e3caef145aa1b589785dd1f8e088a440badd4ca7ec15ca5f525
BIN/WORLD03/AREA121.EMI	831488	ac1e350bca072f10c2b81133b6d0eb3e8821866ce997a80be4c678dcfc7a7cc8
BIN/WORLD03/AREA122.EMI	763904	c1ed8c66a95ea25d84777ee4d361dbf781219d59a5a25bda66076cff6f186b35
BIN/WORLD03/AREA123.EMI	763904	6567ac567a367a7319364fb2a5477f4d99795d84b4cedd60b64a76dace33f3af
BIN/WORLD03/AREA124.EMI	796672	157918a3b872f453e3d1d483e9dd71a6c5ae33f97f6d00dbf9efb776ecb95636
BIN/WORLD03/AREA125.EMI	792576	a42c01adc0813707089a1a5b30a540acf2e0f79d5ad8d921e6415e4815f0fe86
BIN/WORLD03/AREA126.EMI	827392	a9cf9828077030c5fa518da2539c04615c10ef9bb70319a40672d69871fe89f3
BIN/WORLD03/AREA127.EMI	837632	2ac3b63f7c54495dc8ac8334fb4ebe181cea280088901fdd3ecfbb0d6a76ff85
BIN/WORLD03/AREA128.EMI	772096	42e8605335be33641369d090fd6e39773a6b20f7cc5cfa50b31ef6fb94c59a3c
BIN/WORLD03/AREA129.EMI	1005568	d2236ebba679f7bf6f3513569400aa0398277af039dc29a10d988a72db7f8062
BIN/WORLD03/AREA130.EMI	669696	1cc8cd25c036b6a3a32a170d5b426d4c92913e0bb0735dff5491289e551a088e
BIN/WORLD03/AREA131.EMI	825344	3915f9e405d457e5f925017547768bfcda25861eb3925d0dbdfca1350a34b6d0
BIN/WORLD03/AREA132.EMI	835584	442e70b56880fd33290b26491ed2140a5822fd8fcbbb0994763e334a9ad22f79
BIN/WORLD03/AREA133.EMI	827392	eb31c196821278ef496581511e4aa76b18430462c5afdac011d4dd53b9b63ef7
BIN/WORLD03/AREA134.EMI	825344	f92931dbf0f9ccabc3f712268b7f1467efc4fe0644ae70163c935224504d3872
BIN/WORLD03/AREA135.EMI	878592	f4da56b102c33dca36973ba52881f486b4814df5e6acc2ae02196c9b796fc423
BIN/WORLD03/AREA136.EMI	854016	4637129548ce9e7c24462bf9ceb10e88bf8f34d890a84aebf4a185b5ce7ca8ea
BIN/WORLD03/AREA137.EMI	831488	4cf4ce787de5d7f4f6406a50cf0d148b0478fb33f3be4f98b37d214119c2a267
BIN/WORLD03/AREA138.EMI	724992	b660471f41b3667ca935589f53c6bf5101877709cb26984b8121062801897c8f
BIN/WORLD03/AREA139.EMI	739328	9955c35c4f0a01e05699821356dc4fbe63dc6aafe48fc36b8f55877987348393
BIN/WORLD03/AREA140.EMI	747520	1a8a0553c1b88b789c1ac14f23282684f7f1abd701692b408fe16599e06ef507
BIN/WORLD03/AREA141.EMI	753664	b28f854f20b490655742a11d63081659dd0f77cfe50f6062f8e62390c445bff9
BIN/WORLD03/AREA142.EMI	845824	defb7c9f7947d7add2a1c3418b58a2723a158a4d578a1eb496209537f723f7cf
BIN/WORLD03/AREA143.EMI	794624	ae73e4c36458cb99d748734cd302b71363a6b2e042bc57da49af3b516c514d6e
BIN/WORLD03/AREA144.EMI	743424	3c2a755c9dfe002b00ecc6a5bbfd93c089904ba7b99a18d32d8cf82bc3e7b588
BIN/WORLD03/AREA145.EMI	839680	f7eda4baa4bed22807d1d7a202d8d82d51c085c0c593672c303403a10ed91e46
BIN/WORLD03/AREA146.EMI	663552	c8c5705c18b2d2ae5073f98d0a3a97425d1c7a3baa20aadb6d6bf2f8cafa24a0
BIN/WORLD03/AREA147.EMI	831488	57917cb9dbde7beb0bc02b3ff1a9da89de6a6df4a1cd5dcec243dfe1b54b9a14
BIN/WORLD03/AREA148.EMI	866304	4123d49ea6c97d3e1901a1765f7a40b9b86fe2f20c63784267e9fc6312fa1cb7
BIN/WORLD03/AREA149.EMI	755712	6b10c4c0bc060c205e0920245283010eb04673fed974ba7ab1406ea5fb5394aa
BIN/WORLD03/AREA150.EMI	823296	937b7d5cc315ca9ef506211dd75979a4fc4f17ff898991d57363708970537dc1
BIN/WORLD03/AREA151.EMI	808960	826758e342f096200b014e933c46342a18232adb5e6c37978ec7ae1dcd6e9f2e
BIN/WORLD04/AREA152.EMI	804864	de7715553e2cf90f71a5aa62d6857db95e017e1dcd1c8095f3d3255ef58337f3
BIN/WORLD04/AREA153.EMI	802816	b02f3755a8e6d39e2706989f3878167ddf8f1c2a7f7e620a7e231284b7917af5
BIN/WORLD04/AREA154.EMI	796672	db52f1adcd68fb7dbfd3d1309dace5d551f7e094d2028c765288db7819aaaac1
BIN/WORLD04/AREA155.EMI	817152	e9970fab62f2cd765bd5584209e14a1e2bd4420cf8d83e457726c9187b33b262
BIN/WORLD04/AREA156.EMI	776192	8f02dd8b1cb09878046c9eeb074ac46973051cac4ca5669cfa210fa41abec254
BIN/WORLD04/AREA157.EMI	624640	1d44fecd1ae3f75cc3a310b8f27cc4978d49efeccc47cc322c349d12f3d10458
BIN/WORLD04/AREA158.EMI	606208	1ae622cf56a096bf82b6e190b7679a3fc0ffbaacaf0d8c9aab91ce004535e8dd
BIN/WORLD04/AREA159.EMI	591872	30d55fd5529737ceade938a7f3e86c3a8cadf01c211a71a26d39aea0d71b3ebe
BIN/WORLD04/AREA160.EMI	600064	1fad4b8ec2c80349b85c48bbd1bcc809bfb6254665f7d9b83884ad326a3da1c5
BIN/WORLD04/AREA161.EMI	608256	a0eca145b415c1ea1e32f559b130445c777f6be0a8d5435d1668378cbab99a21
BIN/WORLD04/AREA162.EMI	620544	c8e0ff218a0c2082568d6f0bd6bcd12da9984ddc7719592b495fc7ff9058c606
BIN/WORLD04/AREA163.EMI	595968	1faa57a7564b0b6e990b909e09d2b5dbf56a489abc3de08ab73ebd86e3b8bf4a
BIN/WORLD04/AREA164.EMI	585728	929df02d6be6349c39fc9d519c51d9ac1912dc775e03df293fcbe949faf1cbdb
BIN/WORLD04/AREA165.EMI	616448	f3561565e0d00fb5f177563466a250dff7a956abe3227aaed2ba85b2d1326d90
BIN/WORLD04/AREA166.EMI	604160	d0392dda446d0455518177b4fb6084f441b2b18d1d4e43eccea5b9040d18d5d5
BIN/WORLD04/AREA167.EMI	862208	e8633b76b66de4253517e5f954a2893bc85cdda2777237aa5217189a4b73b0c7
BIN/WORLD04/AREA168.EMI	763904	3d3d2370ddf3a4d93b1ea779a790cb15db554cf743c3444bedc4f50ba59e791c
BIN/WORLD04/AREA169.EMI	661504	7b276912a94b02641a80220ebf4dd543efea0b9c874f25c9e85b50b7975ce3f2
BIN/WORLD04/AREA170.EMI	843776	27241831fdcb43c86f41b09fb423f337b342de0c2c57719539a615d262a3558c
BIN/WORLD04/AREA171.EMI	702464	014831c3608290fca40cb48585130dd117d34363390271925fe8246be949f17f
BIN/WORLD04/AREA172.EMI	794624	247fbd2e1ebdecd4e79a3a16cc2ffd0b7876a2b275153406ed3d49e1a08b1a88
BIN/WORLD04/AREA173.EMI	821248	4fb1113884c1e36b88fa471c7ab012959d84db999277ede42eb761549edee7c6
BIN/WORLD04/AREA174.EMI	862208	d8bb892630fe2d5fb7e78e2020c2eb5724109c1e02ac6eee259f39711358f8ab
BIN/WORLD04/AREA175.EMI	839680	68f28368b3b9b9ce4647806c903fa73e893057b7e4d7dd9924976326a96446d2
BIN/WORLD04/AREA176.EMI	819200	cca677f64ca59cfddb17b6eb5dcc010952116dbd0052f6f6d2b02291d2f4557b
BIN/WORLD04/AREA177.EMI	821248	d5fe0a053c4b73b48337bbf6284df2d5430bb2367b91397ebbbc1a75bed84d60
BIN/WORLD04/AREA178.EMI	821248	a49e63dd4e5fb28a8b5cc82299a90e21e1a2dd92bca90720509754cc498b5479
BIN/WORLD04/AREA179.EMI	821248	7e4754d8e1543230574b0310f9372b2b7c1b439deffc0fe290c1e5881f843b20
BIN/WORLD04/AREA180.EMI	821248	f8fccba3cd17926d7e0e62119bb3503f72ac6ad25bb521512fe3082dcf2792c8
BIN/WORLD04/AREA181.EMI	821248	567417d2621709cb7a57b59618d06b360d104de913a43dd5f0e65cb169ed5642
BIN/WORLD04/AREA182.EMI	821248	d91daf2ac208366389aa29393912b40efbfc6a9b4217e2e3084357de83b10b39
BIN/WORLD04/AREA183.EMI	823296	967eb970f5951dc3fe8025aeb89d23d8253cce6ebfcb981a9a4b20a3958c4026
BIN/WORLD04/AREA184.EMI	823296	c0af08ff3407a632abde2ea3590fb60d4ceb617e73530ceb52e1c8b9c1c2b60c
BIN/WORLD04/AREA185.EMI	823296	749918823929e21bd35f8dbd2af8ba5e439c8de9c22cafc4bf744dee243af62a
BIN/WORLD04/AREA186.EMI	747520	af9c5be588751db568400cc7ccf654ca7cd4c065fdb01199f7bcff289c5d3354
BIN/WORLD04/AREA187.EMI	763904	b1a5d3db183c4048655da977650bf9a2cf57d0fa83a24ac581f77a2254463fc8
BIN/WORLD04/AREA188.EMI	839680	ba4b002573b4fd6fa840e7328590a8786bf975052b796f532d7b43be92293cf4
BIN/WORLD04/AREA189.EMI	821248	4c95bf9904815e362548c41b2ad091a2fb2fc99ded4f9caeb88434b888efd9fc
BIN/WORLD04/AREA190.EMI	798720	633b4ae24b2afa59d2b5f94cbc1ae1727fa1c3582f265ed00dd3864e4e6e5478
BIN/WORLD04/AREA191.EMI	628736	4dbf149e9fcf2c1e9786dd1ec2806663b7ccd5d14ef4b39a47652407ec7540f4
BIN/WORLD04/AREA192.EMI	796672	2ae493355b84f22f5d36ea6478b595664257cfb07e6e1685e84d888ee8995425
BIN/WORLD04/AREA193.EMI	772096	95c82c33534fbfc5d6ff4c1cd91b9b17ff9e51faf86b67f3b73443a3e2489781
BIN/WORLD04/AREA194.EMI	651264	ea0ee79a8db768422538e69338b8b285d37cb2428c56b95c8cf4abfb4cf5c3e6
BIN/WORLD04/AREA195.EMI	804864	54d427020a4a2fffb44c223fc0926a7a48b5b9dd80b4fea0904a8265c416fa72
BIN/WORLD04/AREA196.EMI	669696	87c125923c0cc5ff104dbb6ec4a067882cc16ce954c0fff022af562c5b22002e
BIN/WORLD04/AREA197.EMI	868352	b6a9d691aa019e1f1ac47a70282c11d4464c435361e6a436094b8958968fc8f4
BIN/WORLD04/AREA198.EMI	724992	976b9b45935ad911dc20eed8aa2c6888f2732567a8a733de4ae89c1b274bc790
BIN/WORLD04/AREA199.EMI	819200	3208fbacc6e88ab51931275b45a8e121bf04550359e4fb335df5e88a8c9865b3
LOGO/CAPCOM30.STR	2365440	1accf8d3d0aa23e904af8bd385ab5dcfd605fc7b9004b1164d2315c64d98923e
LOGO/LOGO.EXE	122880	e5fb2ff036adadceb129a9f577998ebadec5b2222db0935ecfeffd31db3c0e3a
SLPS_009.90	1458176	61ade0b310f0fde2847c7678f231c893ad202e0421cb96c83dfdd3c8ee846252
SYSTEM.CNF	70	01e638b85fb97df56123c26e2cb805c2d4f5bf70eaa8994183136ab6ad707a43
